species_Name,KC,sequence
Aegilops_biuncialis,16.8,TETKAGVGFQAGVKDYKLTYYTPEYETKDTDILAAFRVSPQPGVPPEEAGAAVAAESSTGTWTTVWTDGLTSLDRYKGRCYHIEPVAGEDNQWICYVAYPLDLFEEGSVTNMFTSIVGNVFGFKALRALRLEDLRIPPTYSKTFQGPPHGIQVERDKLNKYGRPLLGCTIKPKLGLSAKNYGRACYECLRGGLDFTKDDENVNSQPFMRWRDRFVFCAEAIYKSQAETGEIKGHYLNATAGTCEEMIKRAVFARELGVPIVMHDYLTGGFTANTTLAHYCRDNGLLLHIHRAMHAVIDRQKNHGMHFRVLAKALRMSGGDHIHSGTVVGKLEGEREMTLGFVDLLRDDFIEKDRARGIFFTQDWVSMPGVIPVASGGIHVWHMPALTEIFGDDSVLQFGGGTLGHPWGNAPGAAANRVALEACVQARNEGRDLAREGNEIIRAACKWSPELAAA
Aegilops_comosa,13.5,TETKAGVGFQAGVKDYKLTYYTPEYETKDTDILAAFRVSPQPGVPPEEAGAAVAAESSTGTWTTVWTDGLTSLDRYKGRCYHIEPVAGEDNQWICYVAYPLDLFEEGSVTNMFTSIVGNVFGFKALRALRLEDLRIPPTYSKTFQGPPHGIQVERDKLNKYGRPLLGCTIKPKLGLSAKNYGRACYECLRGGLDFTKDDENVNSQPFMRWRDRFVFCAEAIYKSQAETGEIKGHYLNATAGTCEEMIKRAVFARELGVPIVMHDYLTGGFTANTTLAHYCRDNGLLLHIHRAMHAVIDRQKNHGMHFRVLAKALRMSGGDHIHSGTVVGKLEGEREMTLGFVDLLRDDFIEKDRARGIFFTQDWVSMPGVIPVASGGIHVWHMPALTEIFGDDSVLQFGGGTLGHPWGNAPGAAANRVALEACVQARNEGRDLAREGNEIIRAACKWSPELAAA
Aegilops_cylindrica,13.7,TETKAGVGFQAGAKDYKLTYYTPEYETKDTDILAAFRVSPQPGVPPEEAGAAVAAESSTGTWTTVWTDGLTSLDRYKGRCYHIEPVAGEDNQWICYVAYPLDLFEEGSVTNMFTSIVGNVFGFKALRALRLEDLRIPPTYSKTFQGPPHGIQVERDKLNKYGRPLLGCTIKPKLGLSAKNYGRACYECLRGGLDFTKDDENVNSQPFMRWRDRFVFCAEAIYKSQAETGEIKGHYLNATAGTCEEMIKRAVFARELGVPIVMHDYLTGGFTANTTLAHYCRDNGLLLHIHRAMHAVIDRQKNHGMHFRVLAKALRMSGGDHIHSGTVVGKLEGEREMTLGFVDLLRDDFIEKDRARGIFFTQDWVSMPGVIPVASGGIHVWHMPALTEIFGDDSVLQFGGGTLGHPWGNAPGAAANRVALEACVQARNEGRDLAREGNEIIRAACKWSPELAAA
Aegilops_juvenalis,20.6,TETKAGVGFQAGVKDYKLTYYTPEYETKDTDILAAFRVSPQPGVPPEEAGAAVAAESSTGTWTTVWTDGLTSLDRYKGRCYHIEPVAGEDNQWICYVAYPLDLFEEGSVTNMFTSIVGNVFGFKALRALRLEDLRIPPTYSKTFQGPPHGIQVERDKLNKYGRPLLGCTIKPKLGLSAKNYGRACYECLRGGLDFTKDDENVNSQPFMRWRDRFVFCAEAIYKSQAETGEIKGHYLNATAGTCEEMIKRAVFARELGVPIVMHDYLTGGFTANTTLAHYCRDNGLLLHIHRAMHAVIDRQKNHGMHFRVLAKALRMSGGDHIHSGTVVGKLEGEREMTLGFVDLLRDDFIEKDRARGIFFTQDWVSMPGVIPVASGGIHVWHMPALTEIFGDDSVLQFGGGTLGHPWGNAPGAAANRVALEACVQARNEGRDLAREGNEIIRAACKWSPELAAA
Aegilops_speltoides,16.5,TETKAGVGFKAGVKDYKLTYYTPEYETKDTDILAAFRVSPQPGVPPEEAGAAVAAESSTGTWTTVWTDGLTSLDRYKGRCYHIEPVAGEDSQWICYVAYPLDLFEEGSVTNMFTSIVGNVFGFKALRALRLEDLRIPPTYSKTFQGPPHGIQVERDKLNKYGRPLLGCTIKPKLGLSAKNYGRACYECLRGGLDFTKDDENVNSQPFMRWRDRFVFCAEAIYKSQAETGEIKGHYLNATAGTCEEMIKRAVFARELGVPIVMHDYLTGGFTANTTLAHYCRDNGLLLHIHRAMHAVIDRQKNHGMHFRVLAKALRMSGGDHIHSGTVVGKLEGEREMTLGFVDLLRDDFIEKDRARGIFFTQDWVSMPGVIPVASGGIHVWHMPALTEIFGDDSVLQFGGGTLGHPWGNAPGAAANRVALEACVQARNEGRDLAREGNEIIRAACKWSPELAAA
Aegilops_tauschii,14.9,TETKAGVGFQAGVKDYKLTYYTPEYETKDTDILAAFRVSPQPGVPPEEAGAAVAAESSTGTWTTVWTDGLTSLDRYKGRCYHIEPVAGEDNQWICYVAYPLDLFEEGSVTNMFTSIVGNVFGFKALRALRLEDLRIPPTYSKTFQGPPHGIQVERDKLNKYGRPLLGCTIKPKLGLSAKNYGRACYECLRGGLDFTKDDENVNSQPFMRWRDRFVFCAEAIYKSQAETGEIKGHYLNATAGTCEEMIKRAVFARELGVPIVMHDYLTGGFTANTTLAHYCRDNGLLLHIHRAMHAVIDRQKNHGMHFRVLAKALRMSGGDHIHSGTVVGKLEGEREMTLGFVDLLRDDFIEKDRARGIFFTQDWVSMPGVIPVASGGIHVWHMPALTEIFGDDSVLQFGGGTLGHPWGNAPGAAANRVALEACVQARNEGRDLAREGNEIIRAACKWSPELAAA
Aegilops_triuncialis,12.8,TETKAGVGFQAGVKDYKLTYYTPEYETKDTDILAAFRVSPQPGVPPEEAGAAVAAESSTGTWTTVWTDGLTSLDRYKGRCYHIEPVAGEDNQWICYVAYPLDLFEEGSVTNMFTSIVGNVFGFKALRALRLEDLRIPPTYSKTFQGPPHGIQVERDKLNKYGRPLLGCTIKPKLGLSAKNYGRACYECLRGGLDFTKDDENVNSQPFMRWRDRFVFCAEAIYKSQAETGEIKGHYLNATAGTCEEMIKRAVFARELGVPIVMHDYLTGGFTANTTLAHYCRDNGLLLHIHRAMHAVIDRQKNHGMHFRVLAKALRMSGGDHIHSGTVVGKLEGEREMTLGFVDLLRDDFIEKDRARGIFFTQDWVSMPGVIPVASGGIHVWHMPALTEIFGDDSVLQFGGGTLGHPWGNAPGAAANRVALEACVQARNEGRDLAREGNEIIRAACKWSPELAAA
Aegilops_uniaristata,13.8,TETKAGVGFQAGVKDYKLTYYTPEYETKDTDILAAFRVSPQPGVPPEEAGAAVAAESSTGTWTTVWTDGLTSLDRYKGRCYHIEPVAGEDNQWICYVAYPLDLFEEGSVTNMFTSIVGNVFGFKALRALRLEDLRIPPTYSKTFQGPPHGIQVERDKLNKYGRPLLGCTIKPKLGLSAKNYGRACYECLRGGLDFTKDDENVNSQPFMRWRDRFVFCAEAIYKSQAETGEIKGHYLNATAGTCEEMIKRAVFARELGVPIVMHDYLTGGFTANTTLAHYCRDNGLLLHIHRAMHAVIDRQKNHGMHFRVLAKALRMSGGDHIHSGTVVGKLEGEREMTLGFVDLLRDDFIEKDRARGIFFTQDWVSMPGVIPVASGGIHVWHMPALTEIFGDDSVLQFGGGTLGHPWGNAPGAAANRVALEACVQARNEGRDLAREGNEIIRAACKWSPELAAA
Aegilops_vavilovii,13.3,TETKAGVGFQAGVKDYKLTYYTPEYETKDTDILAAFRVSPQPGVPPEEAGAAVAAESSTGTWTTVWTDGLTSLDRYKGRCYHIEPVAGEDNQWICYVAYPLDLFEEGSVTNMFTSIVGNVFGFKALRALRLEDLRIPPTYSKTFQGPPHGIQVERDKLNKYGRPLLGCTIKPKLGLSAKNYGRACYECLRGGLDFTKDDENVNSQPFMRWRDRFVFCAEAIYKSQAETGEIKGHYLNATAGTCEEMIKRAVFARELGVPIVMHDYLTGGFTANTTLAHYCRDNGLLLHIHRAMHAVIDRQKNHGMHFRVLAKALRMSGGDHIHSGTVVGKLEGEREMTLGFVDLLRDDFIEKDRARGIFFTQDWVSMPGVIPVASGGIHVWHMPALTEIFGDDSVLQFGGGTLGHPWGNAPGAAANRVALEACVQARNEGRDLAREGNEIIRAACKWSPELAAA
Agriophyllum_squarrosum,15.4,TETKASVGFKAGVKDYKLTYYTPEYETQDTDILAAFRVSPQPGVPPEEAGAAVAAESSTGTWTTVWTDGLTSLDRYKGRCYHIEPVAGEENQYICYVAYPLDLFEEGSVTNMFTSIVGNVFGFKALRALRLEDLRIPVAYIKTFQGPPHGIQVERDKLNKYGRPLLGCTIKPKLGLSAKNYGRAVYECLRGGLDFTKDDENVNSQPFMRWRDRFLFCAEALYKAQTETGEIKGHYLNATAGTCEEMIKRAVFARELGVPIVMHDYLTGGFTANTSLAHYCRDNGLLLHIHRAMHAVIDRQKNHGMHFRVLAKALRLSGGDHIHSGTVVGKLEGERDITLGFVDLLRDDYTEKDRSRGIYFTQSWVSTPGVLPVASGGIHVWHMPALTEIFGDDSVLQFGGGTLGHPWGNAPGAVANRVALEACVQARNEGRDLATEGNAIIREASKWSPELAAA
Agrostis_scabra,22.0,TETKASVGFKAGVKDYKLTYYTPEYETKDTDILAAFRVTPQPGVPPEEAGAAVAAESSTGTWTTVWTDGLTSLDRYKGRCYHIEPVAGEDNQWICYVAYPLDLFEEGSVTNMFTSIVGNVFGFKALRALRLEDLRIPPAYTKTFQGPPHGIQVERDKLNKYGRPLLGCTIKPKLGLSAKNYGRACYECLRGGLDFTKDDENVNSQPFMRWRDRFVFCAEAIYKAQAETGEIKGHYLNATAGTCEEMIKRAVFARELGVPIVMHDYITGGFTANTSLAHYCRDNGLLLHIHRAMHAVIDRQKNHGMHFRVLAKALRMSGGDHIHAGTVVGKLEGEREMTLGFVDLLRDDFIEKDRARGIFFTQDWVSMPGVIPVASGGIHVWHMPALTEIFGDDSVLQFGGGTLGHPWGNAPGAAANRVALEACVQARNEGRDLAREGNEIIRAACKWSPELAAA
Agrostis_stolonifera,25.3,TETKASVGFKAGVKDYKLTYYTPEYETKDTDILAAFRVSPQPGVPPEEAGAAVAAESSTGTWTTVWTDGLTSLDRYKGRCYHIEPVAGEDSQWICYVAYPLDLFEEGSVTNMFTSIVGNVFGFKALRALRLEDLRIPPAYTKTFQGPPHGIQVERDKLNKYGRPLLGCTIKPKLGLSAKNYGRACYECLRGGLDFTKDDENVNSQPFMRWRDRFVFCAEAIYKAQAETGEIKGHYLNATAGTCEEMIKRAVFARELGVPIVMHDYITGGFTANTSLAHYCRDNGLLLHIHRAMHAVIDRQKNHGMHFRVLAKALRMSGGDHIHAGTVVGKLEGEREMTLGFVDLLRDDFIEKDRARGIFFTQDWVSMPGVIPVASGGIHVWHMPALTEIFGDDSVLQFGGGTLGHPWGNAPGAAANRVALEACVQARNEGRDLAREGNEIIRAACKWSPELAAA
Arabidopsis_thaliana,16.1,TETKASVGFKAGVKDYKLTYYTPDYETKDTDILAAFRVTPQPGVPPEEAGAAVAAESSTGTWTTVWTDGLTSLDRYKGRCYHIEPVAGEESQFIAYVAYPLDLFEEGSVTNMFTSIVGNVFGFKALRALRLEDLRIPTSYVKTFQGPPHGIQVERDKLNKYGRPLLGCTIKPKLGLSAKNYGRAVYECLRGGLDFTKDDENVNSQPFMRWRDRFLFCAEAIYKAQAETGEIKGHYLNATAGTCEEMIKRAVFARELGAPIVMHDYLTGGFTANTSLAHYCRDNGLLLHIHRAMHAVIDRQKNHGMHFRVLAKALRLSGGDHIHAGTVVGKLEGEREITLGFVDLLRDDFIEKDRSRGIYFTQDWVSLPGVLPVASGGIHVWHMPALTEIFGDDSVLQFGGGTIGHPWGNAPGAVANRVALEACVQARNEGRDLAREGNQIIREASKWSPELAAA
Arctagrostis_latifolia,21.0,TETKASVGFKAGVKDYKLTYYTPEYETKDTDILAAFRVTPQPGVPPEEAGAAVAAESSTGTWTTVWTDGLTSLDRYKGRCYHIEPVAGEDNQWICYVAYPLDLFEEGSVTNMFTSIVGNVFGFKALRALRLEDLRIPVAYTKTFQGPPHGIQVERDKLNKYGRPLLGCTIKPKLGLSAKNYGRACYECLRGGLDFTKDDENVNSQPFMRWRDRFVFCAEAIYKAQAETGEIKGHYLNATAGTCEEMIKRAVFARELGVPIVMHDYITGGFTANTTLSHYCRDNGLLLHIHRAMHAVIDRQKNHGMHFRVLAKALRMSGGDHIHSGTVVGKLEGEREMTLGFVDLLRDDFIEKDRARGIFFTQDWVSLPGVIPVASGGIHVWHMPALTEIFGDDSVLQFGGGTLGHPWGNAPGAAANRVALEACVQARNEGRDLAREGNEIIRAACKWSPELAAA
Artemisia_myriantha,26.4,TETKSSVGFKAGVKDYKLTYYTPEYETKDTDILAAFRVTPQPGVPPEEAGAAVAAESSTGTWTTVWTDGLTSLDRYKGRCYGIEPVPGEENQYICYVAYPLDLFEEGSVTNMFTSIVGNVFGFKALRALRLEDLRIPTAYVKTFQGPPHGIQVERDKLNKYGRPLLGCTIKPKLGLSAKNYGRAVYECLRGGLDFTKDDENVNSQPFMRWRDRFLFCAEAIFKSQAETGEIKGHYLNATAGTCEDMMKRAVFARELGVPIVMHDYLTGGFTANTTLAHYCRDNGLLLHIHRAMHAVIDRQKNHGMHFRVLAKALRMSGGDHIHAGTVVGKLEGEREITLGFVDLLRDDFIEKDRSRGIYFTQDWVSLPGVLPVASGGIHVWHMPALTEIFGDDSVLQFGGGTLGHPWGNAPGAVANRVALEACVQARNEGRDLATEGNEIIREATKWSPELAAA
Artemisia_vulgaris,31.9,TETKASVGFKAGVKDYKLTYYTPEYETKDTDILAAFRVTPQPGVPPEEAGAAVAAESSTGTWTTVWTDGLTSLDRYKGRCYGIEPVPGEENQYICYVAYPLDLFEEGSVTNMFTSIVGNVFGFKALRALRLEDLRIPTAYVKTFQGPPHGIQVERDKLNKYGRPLLGCTIKPKLGLSAKNYGRAVYECLRGGLDFTKDDENVNSQPFMRWRDRFLFCAEAIFKSQAETGEIKGHYLNATAGTCEDMMKRAVFARELGVPIVMHDYLTGGFTANTTLAHYCRDNGLLLHIHRAMHAVIDRQKNHGMHFRVLAKALRMSGGDHIHAGTVVGKLEGEREITLGFVDLLRDDFIEKDRSRGIYFTQDWVSLPGVLPVASGGIHVWHMPALTEIFGDDSVLQFGGGTLGHPWGNAPGAVANRVALEACVQARNEGRDLATEGNEIIREATKWSPELAAA
Avena_sativa,18.1,TETKASVGFQAGVKDYKLTYYTPEYETKDTDILAAFRVTPQPGVPPEEAGAAVAAESSTGTWTTVWTDGLTSLDRYKGRCYHIEPVAGEDNQWICYVAYPLDLFEEGSVTNMFTSIVGNVFGFKALRALRLEDLRIPPAYTKTFQGPPHGIQVERDKLNKYGRPLLGCTIKPKLGLSAKNYGRACYECLRGGLDFTKDDENVNSQPFMRWRDRFVFCAEAIYKAQAETGEIKGHYLNATAGTCEEMIKRAVFARELGVPIVMHDYITGGFTANTSLAHYCRDNGLLLHIHRAMHAVIDRQKNHGMHFRVLAKALRMSGGDHIHSGTVVGKLEGEREMTLGFVDLLRDDFIEKDRARGIFFTQDWVSMPGVIPVASGGIHVWHMPALTEIFGDDSVLQFGGGTLGHPWGNAPGAAANRVALEACVQARNEGRDLAREGNEIIREACKWSPELAAA
Beta_vulgaris,18.6,TETKASVGFKAGVKDYKLTYYTPEYETLDTDILAAFRVSPQPGVPPEEAGAAVAAESSTGTWTTVWTDGLTSLDRYKGRCYHIEPVAGEENQYICYVAYPLDLFEEGSVTNMFTSIVGNVFGFKALRALRLEDLRIPVAYVKTFQGPPHGIQVERDKLNKYGRPLLGCTIKPKLGLSAKNYGRAVYECLRGGLDFTKDDENVNSQPFMRWRDRFLFCAEALYKAQAETGEIKGHYLNATAGTCEEMIKRAVFARELGVPIVMHDYLTGGFTANTTLAHYCRDNGLLLHIHRAMHAVIDRQKNHGMHFRVLAKALRLSGGDHIHSGTVVGKLEGERDITLGFVDLLRDDYTEKDRSRGIYFTQSWVSTPGVLPVASGGIHVWHMPALTEIFGDDSVLQFGGGTLGHPWGNAPGAVANRVALEACVQARNEGRNLATEGNAIIREASKWSPELAAA
Brassica_oleracea,19.2,TETKASVGFKAGVKEYKLNYYTPEYETKDTDILAAFRVTPQPGVPPEEAGAAVAAESSTGTWTTVWTDGLTSLDRYKGRCYHIEPVPGEETQFIAYVAYPLDLFEEGSVTNMFTSIVGNVFGFKALAALRLEDLRIPPAYTKTFQGPPHGIQVERDKLNKYGRPLLGCTIKPKLGLSAKNYGRAVYECLRGGLDFTKDDENVNSQPFMRWRDRFLFCAEAIYKSQAETGEIKGHYLNATAGTCEEMMKRAIFARELGVPIVMHDYLTGGFTANTSLAHYCRDNGLLLHIHRAMHAVIDRQKNHGMHFRVLAKALRLSGGDHVHAGTVVGKLEGDRESTLGFVDLLRDDYVEKDRSRGIFFTQDWVSLPGVLPVASGGIHVWHMPALTEIFGDDSVLQFGGGTLGHPWGNAPGAVANRVALEACVQARNEGRDLAVEGNEIIREACKWSPELAAA
Bromus_anomalus,16.9,TETKASVGFKAGVKDYKLTYYTPEYETKDTDILAAFRVSPQPGVPPEEAGAAVAAESSTGTWTTVWTDGLTSLDRYKGRCYHIEPVAGEDNQWICYVAYPLDLFEEGSVTNMFTSIVGNVFGFKALRALRLEDLRIPPTYSKTFQGPPHGIQVERDKLNKYGRPLLGCTIKPKLGLSAKNYGRACYECLRGGLDFTKDDENVNSQPFMRWRDRFVFCAEAIYKSQAETGEIKGHYLNATAGTCEEMIKRAVFARELGVPIVMHDYLTGGFTANTTLAHYCRDNGLLLHIHRAMHAVIDRQKNHGMHFRVLAKALRMSGGDHIHSGTVVGKLEGEREMTLGFVDLLRDDFIEKDRARGIFFTQDWVSMPGVIPVASGGIHVWHMPALTEIFGDDSVLQFGGGTLGHPWGNAPGAAANRVALEACVQARNEGRDLAREGNEIIRAACKWSPELAAA
Calamagrostis_canescens,15.2,TETKASVGFKAGVKDYKLTYYTPEYETKDTDILAAFRVSPQPGVPPEEAGAAVAAESSTGTWTTVWTDGLTSLDRYKGRCYHIEPVAGEDNQWICYVAYPLDLFEEGSVTNMFTSIVGNVFGFKALRALRLEDLRIPPAYTKTFQGPPHGIQVERDKLNKYGRPLLGCTIKPKLGLSAKNYGRACYECLRGGLDFTKDDENVNSQPFMRWRDRFVFCAEAIYKAQAETGEIKGHYLNATAGTCEEMIKRAVFARELGVPIVMHDYITGGFTANTSLAHYCRDNGLLLHIHRAMHAVIDRQKNHGMHFRVLAKALRMSGGDHIHAGTVVGKLEGEREMTLGFVDLLRDDFIEKDRARGIFFTQDWVSMPGVIPVASGGIHVWHMPALTEIFGDDSVLQFGGGTLGHPWGNAPGAAANRVALEACVQARNEGRDLAREGNEIIRAACKWSPELAAA
Calamagrostis_foliosa,20.9,TETKASVGFKAGVKDYKLTYYTPEYETKDTDILAAFRVTPQPGVPPEEAGAAVAAESSTGTWTTVWTDGLTSLDRYKGRCYHIEPVAGEDNQWICYVAYPLDLFEEGSVTNMFTSIVGNVFGFKALRALRLEDLRIPPAYTKTFQGPPHGIQVERDKLNKYGRPLLGCTIKPKLGLSAKNYGRACYECLRGGLDFTKDDENVNSQPFMRWRDRFVFCAEAIYKAQAETGEIKGHYLNATAGTCEEMIKRAVFARELGVPIVMHDYITGGFTANTSLAHYCRDNGLLLHIHRAMHAVIDRQKNHGMHFRVLAKALRMSGGDHIHAGTVVGKLEGEREMTLGFVDLLRDDFIEKDRARGIFFTQDWVSMPGVIPVASGGIHVWHMPALTEIFGDDSVLQFGGGTLGHPWGNAPGAAANRVALEACVQARNEGRDLAREGNEIIRAACKWSPELAAA
Calamagrostis_nutkaensis,20.1,TETKASVGFKAGVKDYKLTYYTPEYETKDTDILAAFRVSPQPGVPPEEAGAAVAAESSTGTWTTVWTDGLTSLDRYKGRCYHIEPVAGEDNQWICYVAYPLDLFEEGSVTNMFTSIVGNVFGFKALRALRLEDLRIPPAYTKTFQGPPHGIQVERDKLNKYGRPLLGCTIKPKLGLSAKNYGRACYECLRGGLDFTKDDENVNSQPFMRWRDRFVFCAEAIYKAQAETGEIKGHYLNATAGTCEEMIKRAVFARELGVPIVMHDYITGGFTANTSLAHYCRDNGLLLHIHRAMHAVIDRQKNHGMHFRVLAKALRMSGGDHIHAGTVVGKLEGEREMTLGFVDLLRDDFIEKDRARGIFFTQDWVSMPGVIPVASGGIHVWHMPALTEIFGDDSVLQFGGGTLGHPWGNAPGAAANRVALEACVQARNEGRDLAREGNEIIRAACKWSPELAAA
Capsicum_annuum,19.8,TETKASVGFKAGVKEYKLTYYTPEYQTKDTDILAAFRVTPQPGVPPEEAGAAVAAESSTGTWTTVWTDGLTSLDRYKGRCYRIERVVGEKDQYIAYVAYPLDLFEEGSVTNMFTSIVGNVFGFKALRALRLEDLRIPTAYIKTFQGPPHGIQVERDKLNKYGRPLLGCTIKPKLGLSAKNYGRAVYECLRGGLDFTKDDENVNSQPFMRWRDRFLFCTEALFKAQTETGEIKGHYLNATAGTCEEMMKRAVFARELGAPIVMHDYLTGGFTANTSLAHYCRDNGLLLHIHRAMHAVIDRQKNHGMHFRVLAKGLRMSGGDHIHAGTVVGKLEGERDITLGFVDLLRDDFVEQDRSRGIYFTQDWVSLPGVLPVASGGIHVWHMPALTEIFGDDSVLQFGGGTLGHPWGNAPGAVANRVALEACVKARNEGRDLAREGNEIIREASKWSPELAAA
Chenopodium_album,11.2,TETKASVGFKAGVKDYKLTYYTPEYETQDTDILAAFRVSPQPGVPPEEAGAAVAAESSTGTWTTVWTDGLTSLDRYKGRCYHIEPVAGEENQYICYVAYPLDLFEEGSVTNMFTSIVGNVFGFKALRALRLEDLRIPVAYIKTFQGPPHGIQVERDKLNKYGRPLLGCTIKPKLGLSAKNYGRACYECLRGGLDFTKDDENVNSQPFMRWRDRFLFCAEAIYKAQAETGEIKGHYLNATAATCEEMIKRAVFARELGAPIVMHDYLTGGFTANTSLAHYCRDNGLLLHIHRAMHAVIDRQKNHGMHFRVLAKALRLSGGDHIHSGTVVGKLEGERDITLGFVDLLRDDYTEKDRSRGIYFTQSWVSTPGVLPVASGGIHVWHMPALTEIFGDDSVLQFGGGTLGHPWGNAPGAVANRVALEACVQARNEGRDLAREGNTIIREASKWSPELAAA
Citrullus_ecirrhosus,18.9,TETKASVGFKAGVKDYKLTYYTPEYETKDTDILAAFRVTPQPGVPPEEAGAAVAAESSTGTWTTVWTDGLTSLDRYKGRCYGIEPVPGEENQYIAYVAYPLDLFEEGSVTNMFTSIVGNVFGFKALRALRLEDLRIPTAYIKTFQGPPHGIQVERDKLNKYGRPLLGCTIKPKLGLSAKNYGRAVYECLRGGLDFTKDDENVNSQPFMRWRDRFLFCAEAIYKSQAETGEIKGHYLNATAGTCEEMMKRAVFARELGVPIVMHDYLTGGFTANTSLAHYCRDNGLLLHIHRAMHAVIDRQKNHGMHFRVLAKALRMSGGDHIHAGTVVGKLEGEREITLGFVDLLRDDFIEKDRSRGIYFTQDWVSLPGVLPVASGGIHVWHMPALTEIFGDDSVLQFGGGTLGHPWGNAPGAVANRVALEACVQARNEGRDLAREGNEIIREASKWSPELAAA
Crithmum_maritimum,18.7,TETKAGVGFKAGVKDYKLTYYTPDYETKDTDILAAFRVTPQPGVPPEEAGAAVAAESSTGTWTTVWTDGLTSLDRYKGRCYEIEPVAGEENQYIAYVAYPLDLFEEGSVTNMFTSIVGNVFGFKALRALRLEDLRIPVSYVKTFQGPPHGIQVERDKLNKYGRPLLGCTIKPKLGLSAKNYGRAVYECLRGGLDFTKDDENVNSQPFMRWRDRFLFCAEAIYKAQAETGEIKGHYLNATAGTCEEMMKRAIFARELGVPIVMHDYLTGGFTANTSLAHYCRDNGLLLHIHRAMHAVIDRQKNHGIHFRVLAKALRMSGGDHIHSGTVVGKLEGERDITLGFVDLLRDDFIEKDRSRGIYFTQDWVSLPGVLPVASGGIHVWHMPALTEIFGDDSVLQFGGGTLGHPWGNAPGAVANRVALEACVQARNEGRDLASEGNEIIREATKWSPELAAA
Cucurbita_maxima,19.2,TETKASVGFKAGVKDYKLTYYTPEYETKDTDILAAFRVTPQPGVPPEEAGAAVAAESSTGTWTTVWTDGLTSLDRYKGRCYGIEPVPGEENQYIAYVAYPLDLFEEGSVTNMFTSIVGNVFGFKALRALRLEDLRIPTAYIKTFQGPPHGIQVERDKLNKYGRPLLGCTIKPKLGLSAKNYGRAVYECLRGGLDFTKDDENVNSQPFMRWRDRFLFCAEAIYKSQAETGEIKGHYLNATAGTCEEMMKRAIFARELGVPIVMHDYLTGGFTANTSLAHYCRDNGLLLHIHRAMHAVIDRQKNHGMHFRVLAKALRLSGGDHIHAGTVVGKLEGERDITLGFVDLLRDDFVEKDRSRGIYFTQDWVSLPGVLPVASGGIHVWHMPALTEIFGDDSVLQFGGGTLGHPWGNAPGAVANRVALEACVQARNEGRDLAREGNEIIREASKWSPELAAA
Deschampsia_danthonioides,22.3,TETKASVGFKAGVKDYKLTYYTPEYETKDTDILAAFRVTPQPGVPPEEAGAAVAAESSTGTWTTVWTDGLTSLDRYKGRCYHIEPVAGEDNQWICYVAYPLDLFEEGSVTNMFTSIVGNVFGFKALRALRLEDLRIPPAYAKTFQGPPHGIQVERDKLNKYGRPLLGCTIKPKLGLSAKNYGRACYECLRGGLDFTKDDENVNSQPFMRWRDRFVFCAEAIYKAQAETGEIKGHYLNATAGTCEEMIKRAVFARELGVPIVMHDYITGGFTANTSLAHYCRDNGLLLHIHRAMHAVIDRQKNHGMHFRVLAKALRMSGGDHIHAGTVVGKLEGEREMTLGFVDLLRDDFIEKDRARGIFFTQDWVSMPGVIPVASGGIHVWHMPALTEIFGDDSVLQFGGGTLGHPWGNAPGAAANRVALEACVQARNEGRDLAREGNEIIRAACKWSPELAAA
Desmodium_cinereum,12.8,TETKSSVGFKAGVKDYKLTYYTPEYETKDTDILAAFRVTPQPGVPPEEAGAAVAAESSTGTWTTVWTDGLTSLDRYKGRCYGIEPVAGEENQYIAYVAYPLDLFEEGSVTNMFTSIVGNVFGFKALRALRLEDLRIPNSYIKTFQGPPHGIQVERDKLNKYGRPLLGCTIKPKLGLSAKNYGRAVYECLRGGLDFTKDDENVNSQPFMRWRDRFLFCAEAIFKAQAETGEIKGHYLNATAGTCEEMIKRAVFARELGAPIVMHDYLTGGFTANTSLAHYCRDNGLLLHIHRAMHAVIDRQKNHGMHFRVLAKALRLSGGDHIHAGTVVGKLEGEREITLGFVDLLRDDFVEKDRSRGIYFTQDWVSLPGVLPVASGGIHVWHMPALTEIFGDDSVLQFGGGTLGHPWGNAPGAVANRVALEACVQARNEGRDLAREGNEIIREAAKWSPELAAA
Desmodium_intortum,14.2,TESKASVGFKAGVKDYKLTYYTPEYETKDTDILAAFRVTPQPGVPPEEAGAAVAAESSTGTWTTVWTDGLTSLDRYKGRCYGIEPVAGEENQYIAYVAYPLDLFEEGSVTNMFTSIVGNVFGFKALRALRLEDLRIPNAYIKTFQGPPHGIQVERDKLNKYGRPLLGCTIKPKLGLSAKNYGRAVYECLRGGLDFTKDDENVNSQPFMRWRDRFLFCAEALFKAQAETGEIKGHYLNATAGTCEEMIKRAVFARELGAPIVMHDYLTGGFTANTSLAHYCRDNGLLLHIHRAMHAVIDRQKNHGMHFRVLAKALRLSGGDHIHAGTVVGKLEGEREITLGFVDLLRDDFVEKDRSRGIYFTQDWVSLPGVLPVASGGIHVWHMPALTEIFGDDSVLQFGGGTLGHPWGNAPGAVANRVALEACVQARNEGRDLAREGNEIIREAAKWSPELAAA
Erythrina_flabelliformis,18.4,TETKASVGFKAGVKDYKLTYYTPEYETKDTDILAAFRVTPQPGVPPEEAGAAVAAESSTGTWTTVWTDGLTSLDRYKGRCYHIEPVAGEENQFIAYVAYPLDLFEEGSVTNMFTSIVGNVFGFKALRALRLEDLRIPTAYVKTFQGPPHGIQVERDKLNKYGRPLLGCTIKPKLGLSAKNYGRAVYECLRGGLDFTKDDENVNSQPFMRWRDRFLFCAEALYKAQAETGEIKGHYLNATAGTCEEMMKRAVFARELGVPIVMHDYLTGGFTANTSLAHYCRDNGLLLHIHRAMHAVIDRQKNHGMHFRVLAKALRLSGGDHVHSGTVVGKLEGEREITLGFVDLIRDDLIEKDRSRGIYFTQDWVSLPGVLPVASGGIHVWHMPALTEIFGDDSVLQFGGGTLGHPWGNAPGAVANRVALEACVQARNEGRDLAREGNEIIREASKWSPELAAA
Euphorbia_helioscopia,11.5,TETKASVGFKAGVKDYKLTYYTPEYETKDTDILAAFRVTPQPGVPPEEAGAAVAAESSTGTWTTVWTDGLTSLDRYKGRCYHIEPVPGEETQFIAYVAYPLDLFEEGSVTNMFTSIVGNVFGFKALRALRLEDLRIPPAYTKTFQGPPHGIQVERDKLNKYGRPLLGCTIKPKLGLSAKNYGRAVYECLRGGLDFTKDDENVNSQPFMRWRDRFLFCAEAIFKSQAETGEIKGHYLNATAGTCEEMIKRAVFARELGVPIVMHDYLTGGFTANTTLAHYCRDNGLLLHIHRAMHAVIDRQKNHGIHFRVLAKALRMSGGDHIHAGTVVGKLEGEREITLGFVDLLRDDFVEKDRSRGIYFTQDWVSLPGVLPVASGGIHVWHMPALTEIFGDDSVLQFGGGTLGHPWGNAPGAVANRVALEACVQARNEGRDLAREGNEIIREAGKWSPELAAA
Festuca_pratensis,23.1,TETKASVGFQAGVKDYKLTYYTPEYETKDTDILAAFRVTPQPGVPPEEAGAAVAAESSTGTWTTVWTDGLTSLDRYKGRCYHIEPVAGEDNQWICYVAYPLDLFEEGSVTNMFTSIVGNVFGFKALRALRLEDLRIPVAYSKTFQGPPHGIQVERDKLNKYGRPLLGCTIKPKLGLSAKNYGRACYECLRGGLDFTKDDENVNSQPFMRWRDRFVFCAEALYKAQAETGEIKGHYLNATAGTCEEMIKRAVFARELGVPIVMHDYITGGFTANTSLAHYCRDNGLLLHIHRAMHAVIDRQKNHGMHFRVLAKALRMSGGDHIHSGTVVGKLEGEREMTLGFVDLLRDDFIEKDRARGIFFTQDWASMPGVIPVASGGIHVWHMPALTEIFGDDSVLQFGGGTLGHPWGNAPGAAANRVALEACVQARNEGRDLAREGNEIIRAACKWSPELAAA
Flaveria_cronquistii,10.8,TETKASVGFKAGVKDYKLTYYTPEYETKDTDILAAFRVTPQPGVPPEEAGAAVAAESSTGTWTTVWTDGLTSLDRYKGRCYGIEPVPGEDNQYIAYVAYPLDLFEEGSVTNMFTSIVGNVFGFKALRALRLEDLRIPTAYVKTFDGPPHGIQVERDKLNKYGRPLLGCTIKPKLGLSAKNYGRACYECLRGGLDFTKDDENVNSQPFMRWRDRFLFCAEAIYKAQAETGEIKGHYLNATAGTCEEMLKRAVFARELGVPIIMHDYLTGGFTANTSLSHYCRDNGLLLHIHRAMHAVIDRQKNHGMHFRVLAKALRMSGGDHIHSGTVVGKLEGEREITLGFVDLLRDDFIEKDRSRGIYFTQDWVSLPGVLPVASGGIHVWHMPALTEIFGDDSVLQFGGGTLGHPWGNAPGAVANRVALEACVQARNEGRDLATEGNEIIREATKWSPELAAA
Flaveria_pringlei,12.0,TETKASVGFKAGVKDYKLTYYTPEYETKDTDILAAFRVTPQPGVPPEEAGAAVAAESSTGTWTTVWTDGLTSLDRYKGRCYGIEPVPGEDNQYIAYVAYPLDLFEEGSVTNMFTSIVGNVFGFKALRALRLEDLRIPTAYVKTFEGPPHGIQVERDKLNKYGRPLLGCTIKPKLGLSAKNYGRACYECLRGGLDFTKDDENVNSQPFMRWRDRFLFCAEAIYKAQAETGEIKGHYLNATAGTCEEMLKRAVFARELGVPIVMHDYLTGGFTANTSLSHYCRDNGLLLHIHRAMHAVIDRQKNHGMHFRVLAKALRMSGGDHIHSGTVVGKLEGEREITLGFVDLLRDDFIEKDRSRGIYFTQDWVSLPGVLPVASGGIHVWHMPALTEIFGDDSVLQFGGGTLGHPWGNAPGAVANRVALEACVQARNEGRDLATEGNEIIREATKWSPELAAA
Flueggea_suffruticosa,19.2,TETKASVGFKAGVKEYKLTYYTPDYETKDTDILAAFRVTPQPGVPPEEAGAAVAAESSTGTWTTVWTDGLTSLDRYKGRCYHIEPVAGEENQFIAYVAYPLDLFEEGSVTNMFTSIVGNVFGFKALRALRLEDLRIPPSYTKTFQGPPHGIQVERDKLNKYGRPLLGCTIKPKLGLSAKNYGRAVYECLRGGLDFTKDDENVNSQPFMRWRDRFLFCAEAIYKAQAETGEIKGHYLNATAGTCEEMIKRAVFARELGVPIVMHDYLTGGFTANTSLAHYCRDNGLLLHIHRAMHAVIDRQKNHGIHFRVLAKALRMSGGDHIHSGTVVGKLEGEREITLGFVDLLRDDFIEKDRSRGIYFTQDWVSLPGVLPVASGGIHVWHMPALTEIFGDDSVLQFGGGTLGHPWGNAPGAVANRVALEACVKARNEGRDLAREGNEIIREASKWSPELAAA
Glycine_canescens,17.2,TETKASVGFKAGVKDYKLTYYTPDYETKDTDILAAFRVTPQPGVPPEEAGAAVAAESSTGTWTTVWTDGLTSLDRYKGRCYGLEPVAGEENQYIAYVAYPLDLFEEGSVTNMFTSIVGNVFGFKALRALRLEDLRIPTAYVKTFQGPPHGIQVERDKLNKYGRPLLGCTIKPKLGLSAKNYGRAVYECLRGGLDFTKDDENVNSQPFMRWRDRFLFCAEAIFKSQAETGEIKGHYLNATAGTCEEMMKRAVFARELGAPIIMHDYLTGGFTANTSLAHYCRDNGLLLHIHRAMHAVIDRQKNHGMHFRVLAKALRLSGGDHVHAGTVVGKLEGEREITLGFVDLLRDDFIEKDRSRGIYFTQDWVSLPGVIPVASGGIHVWHMPALTEIFGDDSVLQFGGGTLGHPWGNAPGAVANRVAVEACVKARNEGRDLAREGNDIIREASKWSPELAAA
Glycine_max,16.2,TETKASVGFKAGVKDYKLTYYTPDYETKDTDILAAFRVTPQPGVPPEEAGAAVAAESSTGTWTTVWTDGLTSLDRYKGRCYGLEPVAGEENQYIAYVAYPLDLFEEGSVTNMFTSIVGNVFGFKALRALRLEDLRIPTAYIKTFQGPPHGIQVERDKLNKYGRPLLGCTIKPKLGLSAKNYGRAVYECLRGGLDFTKDDENVNSQPFMRWRDRFLFCAEAIFKSQAETGEIKGHYLNATAGTCEEMMKRAVFARELGVPIVMHDYLTGGFTANTSLAHYCRDNGLLLHIHRAMHAVIDRQKNHGMHFRVLAKALRLSGGDHVHAGTVVGKLEGEREITLGFVDLLRDDFVEKDRSRGIYFTQDWVSLPGVLPVASGGIHVWHMPALTEIFGDDSVLQFGGGTLGHPWGNAPGAVANRVALEACVQARNEGRDLAREGNEIIREASKWSPELAAA
Hordeum_brachyantherum,16.2,TETKAGVGFQAGVKDYKLTYYTPEYETKDTDILAAFRVSPQPGVPPEEAGAAVAAESSTGTWTTVWTDGLTSLDRYKGRCYHIEPVAGEDNQWICYVAYPLDLFEEGSVTNMFTSIVGNVFGFKALRALRLEDLRIPPTYSKTFQGPPHGIQVERDKLNKYGRPLLGCTIKPKLGLSAKNYGRACYECLRGGLDFTKDDENVNSQPFMRWRDRFVFCAEAIYKSQAETGEIKGHYLNATAGTCEEMIKRAVFARELGVPIVMHDYLTGGFTANTTLAHYCRDNGLLLHIHRAMHAVIDRQKNHGMHFRVLAKALRMSGGDHIHSGTVVGKLEGEREMTLGFVDLLRDDFIEKDRARGIFFTQDWVSMPGVIPVASGGIHVWHMPALTEIFGDDSVLQFGGGTLGHPWGNAPGAAANRVALEACVQARNEGRDLAREGNEIIRAACKWSPELAAA
Hordeum_murinum,21.5,TETKAGVGFKAGVKDYKLTYYTPEYETKDTDILAAFRVSPQPGVPPEEAGAAVAAESSTGTWTTVWTDGLTSLDRYKGRCYHIEPVPGEDSQWICYVAYPLDLFEEGSVTNMFTSIVGNVFGFKALRALRLEDLRIPPTYSKTFQGPPHGIQVERDKLNKYGRPLLGCTIKPKLGLSAKNYGRACYECLRGGLDFTKDDENVNSQPFMRWRDRFVFCAEAIYKSQAETGEIKGHYLNATAGTCEEMIKRAVFARELGVPIVMHDYLTGGFTANTTLAHYCRDNGLLLHIHRAMHAVIDRQKNHGMHFRVLAKALRMSGGDHIHSGTVVGKLEGEREMTLGFVDLLRDDFIEKDRARGIFFTQDWVSMPGVIPVASGGIHVWHMPALTEIFGDDSVLQFGGGTLGHPWGNAPGAAANRVALEACVQARNEGRDLAREGNEIIRAACKWSPELAAA
Ipomoea_batatas,21.1,TETKASVGFKAGVKDYKLTYYTPEYQTKDTDILAAFRVTPQPGVPPEEAGAAVAAESSTGTWTTVWTDGLTSLDRYKGRCYRIERVIGEKDQYIAYVAYPLDLFEEGSVTNMFTSIVGNVFGFKALRALRLEDLRIPTAYIKTFQGPPHGIQVERDKLNKYGRPLLGCTIKPKLGLSAKNYGRAVYECLRGGLDFTKDDENVNSQPFMRWRDRFLFCAEALYKAQAETGEIKGHYLNATAGTCEEMMKRAIFARELGVPIVMHDYLTGGFTANTSLAHYCRDNGLLLHIHRAMHAVIDRQKNHGMHFRVLAKALRLSGGDHIHAGTVVGKLEGEREITLGFVDLLRDDFVEQDRSRGIYFTQDWVSLPGVLPVASGGIHVWHMPALTEIFGDDSVLQFGGGTLGHPWGNAPGAVANRVALEACVQARNEGRDLAREGNEIIREACKWSPELSAA
Lablab_purpureus,21.7,TETKASVGFKAGVKDYKLTYYTPDYETKDTDILAAFRVTPQPGVPPEEAGAAVAAESSTGTWTTVWTDGLTSLDRYKGRCYHIEPVAGEENQYIAYVAYPLDLFEEGSVTNMFTSIVGNVFGFKALRALRLEDLRIPTSYIKTFQGPPHGIQVERDKLNKYGRPLLGCTIKPKLGLSAKNYGRAVYECLRGGLDFTKDDENVNSQPFMRWRDRFLFCAEAIYKAQAETGEIKGHYLNATAGTCEEMIKRAVFARELGVPIVMHDYLTGGFTANTSLAHYCRDNGLLLHIHRAMHAVIDRQKNHGMHFRVLAKALRLSGGDHVHSGTVVGKLEGEREITLGFVDLLRDDFIEKDRSRGIYFTQDWVSLPGVLPVASGGIHVWHMPALTEIFGDDSVLQFGGGTLGHPWGNAPGAVANRVALEACVQARNEGRDLAREGNEIIREASKWSPELAAA
Lactuca_sativa,18.2,TETKASVGFKAGVKDYKLTYYTPEYETKDTDILAAFRVTPQPGVPPEEAGAAVAAESSTGTWTTVWTDGLTSLDRYKGRCYGIEPVPGEENQYIAYVAYPLDLFEEGSVTNMFTSIVGNVFGFKALRALRLEDLRIPTAYVKTFQGPPHGIQVERDKLNKYGRPLLGCTIKPKLGLSAKNYGRAVYECLRGGLDFTKDDENVNSQPFMRWRDRFLFCAEAIFKSQAETGEIKGHYLNATAGTCEEMMKRAIFARELGVPIVMHDYLTGGFTANTSLAHYCRDNGLLLHIHRAMHAVIDRQKNHGIHFRVLAKALRMSGGDHIHSGTVVGKLEGEREITLGFVDLLRDDFIEKDRSRGIYFTQDWVSLPGVLPVASGGIHVWHMPALTEIFGDDSVLQFGGGTLGHPWGNAPGAVANRVALEACVQARNEGRDLATEGNEIIREATKWSPELAAA
Lepidium_campestre,15.8,TETKASVGFKAGVKEYKLTYYTPEYETKDTDILAAFRVTPQPGVPPEEAGAAVAAESSTGTWTTVWTDGLTSLDRYKGRCYHIEPVPGEETQFIAYVAYPLDLFEEGSVTNMFTSIVGNVFGFKALAALRLEDLRIPPAYTKTFQGPPHGIQVERDKLNKYGRPLLGCTIKPKLGLSAKNYGRAVYECLRGGLDFTKDDENVNSQPFMRWRDRFLFCAEAIYKSQAETGEIKGHYLNATAGTCEEMIKRAVFARELGVPIVMHDYLTGGFTANTSLAHYCRDNGLLLHIHRAMHAVIDRQKNHGMHFRVLAKALRLSGGDHIHAGTVVGKLEGDRESTLGFVDLLRDDYVEKDRSRGIFFTQDWVSLPGVLPVASGGIHVWHMPALTEIFGDDSVLQFGGGTLGHPWGNAPGAVANRVALEACVQARNEGRDLAVEGNEIIREACKWSPELAAA
Limonium_artruchium,15.5,TETKSFVGFKAGVKDYKLTYYTPEYETLDTDILAAFRVTPQPGVPPEEAGAAVAAESSTGTWTTVWTDGLTNLDRYKGRCYHIEPVAGEESQFIAYVAYPLDLFEEGSVTNMFTSIVGNVFGFKALRALRLEDLRIPPAYSKTFQGPPHGIQVERDKLNKYGRPLLGCTIKPKLGLSAKNYGRAVYECLRGGLDFTKDDENVNSQPFMRWRDRFLFCTEAIYKAQAETGEVKGHYLNATAATSEEMIKRAACARELGVPIVMHDYLTGGFTSNTSLAHYCRDNGLLLHIHRAMHAVIDRQKNHGMHFRVLAKALRMSGGDHIHAGTVVGKLEGEREITLGFVDLLRDDYIEKDRSRGIYFTQDWVSMPGVIPVASGGIHVWHMPALTEIFGDDSVLQFGGGTLGHPWGNAPGAVANRVALEACVQARNEGRDLAREGNEIIRQAATWSPELAAA
Limonium_balearicum,15.6,TETKSFVGFKAGVKDYKLTYYTPEYETLDTDILAAFRVTPQPGVPPEEAGAAVAAESSTGTWTTVWTDGLTNLDRYKGRCYHIEPVAGEENQFIAYVAYPLDLFEEGSVTNMFTSIVGNVFGFKALRALRLEDLRIPPAYSKTFQGPPHGIQVERDKLNKYGRPLLGCTIKPKLGLSAKNYGRAVYECLRGGLDFTKDDENVNSQPFMRWRDRFLFCTEAIYKAQAETGEVKGHYLNATAGTSEEMIKRAACARELGVPIVMHDYLTGGFTSNTSLAHYCRDNGLLLHIHRAMHAVIDRQKNHGIHFRVLAKALRMSGGDHIHSGTVVGKLEGERDITLGFVDLLRDDYIEKDRSRGIYFTQDWVSMPGVIPVASGGIHVWHMPALTEIFGDDSVLQFGGGTLGHPWGNAPGAVANRVALEACVQARNEGRDLAREGNEIIRQAATWSPELAAA
Limonium_barceloi,14.9,TETKSFVGFKAGVKDYKLTYYTPEYETLDTDILAAFRVTPQPGVPPEEAGAAVAAESSTGTWTTVWTDGLTNLDRYKGRCYHIEPVAGEENQFIAYVAYPLDLFEEGSVTNMFTSIVGNVFGFKALRALRLEDLRIPPAYSKTFQGPPHGIQVERDKLNKYGRPLLGCTIKPKLGLSAKNYGRAVYECLRGGLDFTKDDENVNSQPFMRWRDRFLFCTEAIYKAQAETGEVKGHYLNATAGTSEEMIKRAACARELGVPIVMHDYLTGGFTSNTSLAHYCRDNGLLLHIHRAMHAVIDRQKNHGIHFRVLAKALRMSGGDHIHSGTVVGKLEGERDITLGFVDLLRDDYIEKDRSRGIYFTQDWVSMPGVIPVASGGIHVWHMPALTEIFGDDSVLQFGGGTLGHPWGNAPGAVANRVALEACVQARNEGRDLAREGNEIIRQAATWSPELAAA
Limonium_biflorum,13.3,TETKSFVGFKAGVKDYKLTYYTPEYETLDTDILAAFRVTPQPGVPPEEAGAAVAAESSTGTWTTVWTDGLTNLDRYKGRCYHIEPVAGEESQFIAYVAYPLDLFEEGSVTNMFTSIVGNVFGFKALRALRLEDLRIPPAYSKTFQGPPHGIQVERDKLNKYGRPLLGCTIKPKLGLSAKNYGRAVYECLRGGLDFTKDDENVNSQPFMRWRDRFLFCTEAIYKAQAETGEVKGHYLNATAATSEEMIKRAACARELGVPIVMHDYLTGGFTSNTSLAHYCRDNGLLLHIHRAMHAVIDRQKNHGMHFRVLAKALRMSGGDHIHAGTVVGKLEGEREITLGFVDLLRDDYIEKDRSRGIYFTQDWVSMPGVIPVASGGIHVWHMPALTEIFGDDSVLQFGGGTLGHPWGNAPGAVANRVALEACVQARNEGRDLAREGNEIIRQAATWSPELAAA
Limonium_companyonis,13.3,TETKSFVGFKAGVKDYKLTYYTPEYETLDTDILAAFRVTPQPGVPPEEAGAAVAAESSTGTWTTVWTDGLTNLDRYKGRCYHIEPVAGEENQFIAYVAYPLDLFEEGSVTNMFTSIVGNVFGFKALRALRLEDLRIPPAYSKTFQGPPHGIQVERDKLNKYGRPLLGCTIKPKLGLSAKNYGRAVYECLRGGLDFTKDDENVNSQPFMRWRDRFLFCTEAIYKAQAETGEVKGHYLNATAGTSEEMIKRAACARELGVPIVMHDYLTGGFTSNTSLAHYCRDNGLLLHIHRAMHAVIDRQKNHGIHFRVLAKALRMSGGDHIHSGTVVGKLEGERDITLGFVDLLRDDYIEKDRSRGIYFTQDWVSMPGVIPVASGGIHVWHMPALTEIFGDDSVLQFGGGTLGHPWGNAPGAVANRVALEACVQARNEGRDLAREGNEIIRQAATWSPELAAA
Limonium_echioides,16.0,TETKSFVGFKAGVKDYKLTYYTPEYETLDTDILAAFRVTPQPGVPPEEAGAAVAAESSTGTWTTVWTDGLTNLDRYKGRCYHIEPVAGEENQFIAYVAYPLDLFEEGSVTNMFTSIVGNVFGFKALRALRLEDLRIPPAYSKTFQGPPHGIQVERDKLNKYGRPLLGCTIKPKLGLSAKNYGRAVYECLRGGLDFTKDDENVNSQPFMRWRDRFLFCTEAIYKAQAETGEVKGHYLNATAGTSEEMIKRAACARELGVPIVMHDYLTGGFTSNTSLAHYCRDNGLLLHIHRAMHAVIDRQKNHGIHFRVLAKALRMSGGDHIHSGTVVGKLEGERDITLGFVDLLRDDYIEKDRSRGIYFTQDWVSMPGVIPVASGGIHVWHMPALTEIFGDDSVLQFGGGTLGHPWGNAPGAVANRVALEACVQARNEGRDLAREGNEIIRQAATWSPELAAA
Limonium_ejulabilis,11.4,TETKSYVGFKAGVKDYKLTYYTPEYETLDTDILAAFRVTPQPGVPPEEAGAAVAAESSTGTWTTVWTDGLTNLDRYKGRCYHIEPVAGEENQFIAYVAYPLDLFEEGSVTNMFTSIVGNVFGFKALRALRLEDLRIPPAYSKTFQGPPHGIQVERDKLNKYGRPLLGCTIKPKLGLSAKNYGRAVYECLRGGLDFTKDDENVNSQPFMRWRDRFLFCTEAIYKAQAETGEVKGHYLNATAGTSEEMIKRAACARELGVPIVMHDYLTGGFTSNTSLAHYCRDNGLLLHIHRAMHAVIDRQKNHGMHFRVLAKALRMSGGDHIHAGTVVGKLEGEREITLGFVDLLRDDYIEKDRSRGIYFTQDWVSMPGVIPVASGGIHVWHMPALTEIFGDDSVLQFGGGTLGHPWGNAPGAVANRVALEACVQARNEGRDLAREGNEIIRQAATWSPELAAA
Limonium_gibertii,13.5,TETKSFVGFKAGVKDYKLTYYTPEYETLDTDILAAFRVTPQPGVPPEEAGAAVAAESSTGTWTTVWTDGLTNLDRYKGRCYHIEPVAGEESQFIAYVAYPLDLFEEGSVTNMFTSIVGNVFGFKALRALRLEDLRIPPAYSKTFQGPPHGIQVERDKLNKYGRPLLGCTIKPKLGLSAKNYGRAVYECLRGGLDFTKDDENVNSQPFMRWRDRFLFCTEAIYKAQAETGEVKGHYLNATAATSEEMIKRAACARELGVPIVMHDYLTGGFTSNTSLAHYCRDNGLLLHIHRAMHAVIDRQKNHGMHFRVLAKALRMSGGDHIHAGTVVGKLEGEREITLGFVDLLRDDYIEKDRSRGIYFTQDWVSMPGVIPVASGGIHVWHMPALTEIFGDDSVLQFGGGTLGHPWGNAPGAVANRVALEACVQARNEGRDLAREGNEIIRQAATWSPELAAA
Limonium_grosii,13.3,TETKSYVGFKAGVKDYKLTYYTPEYETLDTDILAAFRVTPQPGVPPEEAGAAVAAESSTGTWTTVWTDGLTNLDRYKGRCYHIEPVAGEENQFIAYVAYPLDLFEEGSVTNMFTSIVGNVFGFKALRALRLEDLRIPPAYSKTFQGPPHGIQVERDKLNKYGRPLLGCTIKPKLGLSAKNYGRAVYECLRGGLDFTKDDENVNSQPFMRWRDRFLFCTEAIYKAQAETGEVKGHYLNATAGTSEEMIKRAACARELGVPIVMHDYLTGGFTSNTSLAHYCRDNGLLLHIHRAMHAVIDRQKNHGMHFRVLAKALRMSGGDHIHAGTVVGKLEGEREITLGFVDLLRDDYIEKDRSRGIYFTQDWVSMPGVIPVASGGIHVWHMPALTEIFGDDSVLQFGGGTLGHPWGNAPGAVANRVALEACVQARNEGRDLAREGNEIIRQAATWSPELAAA
Limonium_gymnesicum,12.6,TETKSFVGFKAGVKDYKLTYYTPEYETLDTDILAAFRVTPQPGVPPEEAGAAVAAESSTGTWTTVWTDGLTNLDRYKGRCYHIEPVAGEESQFIAYVAYPLDLFEEGSVTNMFTSIVGNVFGFKALRALRLEDLRIPPAYSKTFQGPPHGIQVERDKLNKYGRPLLGCTIKPKLGLSAKNYGRAVYECLRGGLDFTKDDENVNSQPFMRWRDRFLFCTEAIYKAQAETGEVKGHYLNATAATSEEMIKRAACARELGVPIVMHDYLTGGFTSNTSLAHYCRDNGLLLHIHRAMHAVIDRQKNHGMHFRVLAKALRMSGGDHIHAGTVVGKLEGEREITLGFVDLLRDDYIEKDRSRGIYFTQDWVSMPGVIPVASGGIHVWHMPALTEIFGDDSVLQFGGGTLGHPWGNAPGAVANRVALEACVQARNEGRDLAREGNEIIRQAATWSPELAAA
Limonium_magallufianum,11.9,TETKSYVGFKAGVKDYKLTYYTPEYETLDTDILAAFRVTPQPGVPPEEAGAAVAAESSTGTWTTVWTDGLTNLDRYKGRCYHIEPVAGEENQFIAYVAYPLDLFEEGSVTNMFTSIVGNVFGFKALRALRLEDLRIPPAYSKTFQGPPHGIQVERDKLNKYGRPLLGCTIKPKLGLSAKNYGRAVYECLRGGLDFTKDDENVNSQPFMRWRDRFLFCTEAIYKAQAETGEVKGHYLNATAGTSEEMIKRAACARELGVPIVMHDYLTGGFTSNTSLAHYCRDNGLLLHIHRAMHAVIDRQKNHGMHFRVLAKALRMSGGDHIHAGTVVGKLEGEREITLGFVDLLRDDYIEKDRSRGIYFTQDWVSMPGVIPVASGGIHVWHMPALTEIFGDDSVLQFGGGTLGHPWGNAPGAVANRVALEACVQARNEGRDLAREGNEIIRQAATWSPELAAA
Limonium_retusum,10.9,TETKSYVGFKAGVKDYKLTYYTPEYETLDTDILAAFRVTPQPGVPPEEAGAAVAAESSTGTWTTVWTDGLTNLDRYKGRCYHIEPVAGEENQFIAYVAYPLDLFEEGSVTNMFTSIVGNVFGFKALRALRLEDLRIPPAYSKTFQGPPHGIQVERDKLNKYGRPLLGCTIKPKLGLSAKNYGRAVYECLRGGLDFTKDDENVNSQPFMRWRDRFLFCTEAIYKAQAETGEVKGHYLNATAGTSEEMIKRAACARELGVPIVMHDYLTGGFTSNTSLAHYCRDNGLLLHIHRAMHAVIDRQKNHGMHFRVLAKALRMSGGDHIHAGTVVGKLEGEREITLGFVDLLRDDYIEKDRSRGIYFTQDWVSMPGVIPVASGGIHVWHMPALTEIFGDDSVLQFGGGTLGHPWGNAPGAVANRVALEACVQARNEGRDLAREGNEIIRQAATWSPELAAA
Limonium_virgatum,13.2,TETKSFVGFKAGVKDYKLTYYTPEYETLDTDILAAFRVTPQPGVPPEEAGAAVAAESSTGTWTTVWTDGLTNLDRYKGRCYHIEPVAGEESQFIAYVAYPLDLFEEGSVTNMFTSIVGNVFGFKALRALRLEDLRIPPAYSKTFQGPPHGIQVERDKLNKYGRPLLGCTIKPKLGLSAKNYGRAVYECLRGGLDFTKDDENVNSQPFMRWRDRFLFCTEAIYKAQAETGEVKGHYLNATAATSEEMIKRAACARELGVPIVMHDYLTGGFTSNTSLAHYCRDNGLLLHIHRAMHAVIDRQKNHGMHFRVLAKALRMSGGDHIHAGTVVGKLEGEREITLGFVDLLRDDYIEKDRSRGIYFTQDWVSMPGVIPVASGGIHVWHMPALTEIFGDDSVLQFGGGTLGHPWGNAPGAVANRVALEACVQARNEGRDLAREGNEIIRQAATWSPELAAA
Lolium_multiflorum,29.1,TETKASVGFQAGVKDYKLTYYTPEYETKDTDILAAFRVTPQPGVPPEEAGAAVAAESSTGTWTTVWTDGLTSLDRYKGRCYHIEPVAGEDNQWICYVAYPLDLFEEGSVTNMFTSIVGNVFGFKALRALRLEDLRIPVAYSKTFQGPPHGIQVERDKLNKYGRPLLGCTIKPKLGLSAKNYGRACYECLRGGLDFTKDDENVNSQPFMRWRDRFVFCAEAIYKAQAETGEIKGHYLNATAGTCEEMIKRAVFARELGVPIVMHDYITGGFTANTSLAHYCRDNGLLLHIHRAMHAVIDRQKNHGMHFRVLAKALRMSGGDHIHSGTVVGKLEGEREMTLGFVDLLRDDFIEKDRARGIFFTQDWASMPGVIPVASGGIHVWHMPALTEIFGDDSVLQFGGGTLGHPWGNAPGAAANRVALEACVQARNEGRDLAREGNEIIRAACKWSPELAAA
Lolium_perenne,22.7,TETKASVGFQAGVKDYKLTYYTPEYETKDTDILAAFRVTPQPGVPPEEAGAAVAAESSTGTWTTVWTDGLTSLDRYKGRCYHIEPVAGEDNQWICYVAYPLDLFEEGSVTNMFTSIVGNVFGFKALRALRLEDLRIPVAYSKTFQGPPHGIQVERDKLNKYGRPLLGCTIKPKLGLSAKNYGRACYECLRGGLDFTKDDENVNSQPFMRWRDRFVFCAEALYKAQAETGEIKGHYLNATAGTCEEMIKRAVFARELGVPIVMHDYITGGFTANTSLAHYCRDNGLLLHIHRAMHAVIDRQKNHGMHFRVLAKALRMSGGDHIHSGTVVGKLEGEREMTLGFVDLLRDDFIEKDRARGIFFTQDWASMPGVIPVASGGIHVWHMPALTEIFGDDSVLQFGGGTLGHPWGNAPGAAANRVALEACVQARNEGRDLAREGNEIIRAACKWSPELAAA
Lolium_rigidum,25.0,TETKASVGFQAGVKDYKLTYYTPEYETKDTDILAAFRVTPQPGVPPEEAGAAVAAESSTGTWTTVWTDGLTSLDRYKGRCYHIEPVAGEDNQWICYVAYPLDLFEEGSVTNMFTSIVGNVFGFKALRALRLEDLRIPVAYSKTFQGPPHGIQVERDKLNKYGRPLLGCTIKPKLGLSAKNYGRACYECLRGGLDFTKDDENVNSQPFMRWRDRFVFCAEAIYKAQAETGEIKGHYLNATAGTCEEMIKRAVFARELGVPIVMHDYITGGFTANTSLAHYCRDNGLLLHIHRAMHAVIDRQKNHGMHFRVLAKALRMSGGDHIHSGTVVGKLEGEREMTLGFVDLLRDDFIEKDRARGIFFTQDWASMPGVIPVASGGIHVWHMPALTEIFGDDSVLQFGGGTLGHPWGNAPGAAANRVALEACVQARNEGRDLAREGNEIIRAACKWSPELAAA
Macrotyloma_uniflorum,25.2,TETKASVGFKAGVKDYKLTYYTPDYETKDTDILAAFRVTPQPGVPPEEAGAAVAAESSTGTWTTVWTDGLTSLDRYKGRCYHIEPVAGEESQFIAYVAYPLDLFEEGSVTNMFTSIVGNVFGFKALRALRLEDLRIPVSYIKTFQGPPHGIQVERDKLNKYGRPLLGCTIKPKLGLSAKNYGRAVYECLRGGLDFTKDDENVNSQPFMRWRDRFLFCAEAIYKAQAETGEIKGHYLNATAGTCEEMIKRAVFARELGVPIVMHDYLTGGFTANTSLAHYCRDNGLLLHIHRAMHAVIDRQKNHGMHFRVLAKALRLSGGDHVHSGTVVGKLEGEREITLGFVDLLRDDFVEKDRSRGIYFTQDWVSLPGVLPVASGGIHVWHMPALTEIFGDDSVLQFGGGTLGHPWGNAPGAVANRVALEACVQARNEGRDLAREGNEIIREASKWSPELAAA
Manihot_esculenta,10.8,TETKASVGFKAGVKDYKLTYYTPDYQTKDTDILAAFRVTPQPGVPPEEAGAAVAAESSTGTWTTVWTDGLTSLDRYKGRCYGLEPVPGEENQYIAYVAYPLDLFEEGSVTNMFTSIVGNVFGFKALRALRLEDLRVPPAYSKTFQGPPHGIQVERDKLNKYGRPLLGCTIKPKLGLSAKNYGRAVYECLRGGLDFTKDDENVNSQPFMRWRDRFLFCAEAIYKAQAETGEIKGHYLNATAGTCEEMIKRAVCARELGVPIVMHDYLTGGFTANTSLAHYCRDNGLLLHIHRAMHAVIDRQKNHGMHFRVLAKALRLSGGDHIHAGTVVGKLEGERDITLGFVDLLRDDFIEKDRSRGIYFTQDWVSLPGVLPVASGGIHVWHMPALTEIFGDDSVLQFGGGTLGHPWGNAPGAVANRVALEACVQARNEGRDLAREGNDIIREASKWSPELAAA
Medicago_sativa,16.4,TETKATVGFKAGVKDYRLTYYTPDYETKDTDILAAFRVSPQPGVPAEEAGAAVAAESSTGTWTTVWTDGLTSLDRYKGRCYHIEPVAGEETQFIAYVAYPLDLFEEGSVTNMFTSIVGNVFGFKALRALRLEDLRIPVAYVKTFQGPPHGIQVERDKLNKYGRPLLGCTIKPKLGLSAKNYGRAVYECLRGGLDFTKDDENVNSQPFMRWRDRFLFCAEAIYKAQAETGEIKGHYLNATAGTVDDMMKRAVFARELGVPIVMHDYLTGGFTANTTLAHYCRDNGLLLHIHRAMHAVIDRQKNHGMHFRVLAKALRMSGGDHIHAGTVVGKLEGERDITLGFVDLLRDDFIEKDRSRGIFFTQDWVSLPGVLPVASGGIHVWHMPALTEIFGDDSVLQFGGGTLGHPWGNAPGAVANRVALEACVQARNEGRDLAREGNEIIREATKWSPELAAA
Mercurialis_annua,17.0,TETKASVGFKAGVKDYKLTYYTPEYETKDTDILAAFRVTPQPGVPPEEAGAAVAAESSTGTWTTVWTDGLTSLDRYKGRCYHIEPVAGEESQFIAYVAYPLDLFEEGSVTNMFTSIVGNVFGFKALRALRLEDLRIPPAYVKTFQGPPHGIQVERDKLNKYGRPLLGCTIKPKLGLSAKNYGRAVYECLRGGLDFTKDDENVNSQPFMRWRDRFLFCAEAIYKAQAETGEIKGHYLNATAGTCEEMIKRAVFARELGVPIVMHDYLTGGFTANTSLAHYCRDNGLLLHIHRAMHAVIDRQKNHGMHFRVLAKALRMSGGDHIHAGTVVGKLEGEREITLGFVDLLRDDFVEKDRSRGIYFTQDWVSLPGVIPVASGGIHVWHMPALTEIFGDDSVLQFGGGTLGHPWGNAPGAVANRVALEACVQARNEGRDLAREGNEIIREACKWSPELAAA
Musa_velutina,19.0,TETKASVGFKAGVKDYKLTYYTPDYEVKDTDILAAFRVTPQPGVPPEEAGAAVAAESSTGTWTTVWTDGLTSLDRYKGRCYHIEAVVGEENQYIAYVAYPLDLFEEGSVTNMFTSIVGNVFGFKALRALRLEDLRIPTSYSKTFQGPPHGIQVERDKLNKYGRPLLGCTIKPKLGLSAKNYGRAVYECLRGGLDFTKDDENVNSQPFMRWRDRFLFCAEAIYKAQAETGEIKGHYFNATAGTCEEMMKRAICARELGVPIVMHDYLTGGFTANTSLAHYCRDNGLLLHIHRAMHAVIDRQKNHGMHFRVLAKALRMSGGDHIHAGTVVGKLEGEREMTLGFVDLLRDDYIEKDRSRGIFFTQDWVSMPGVLPVASGGIHVWHMPALTEIFGDDSVLQFGGGTLGHPWGNAPGAVANRVALEACVQARNEGRDLAREGNEIIREASKWSPELAAA
Nicotiana_tabacum,18.3,TETKASVGFKAGVKEYKLTYYTPEYQTKDTDILAAFRVTPQPGVPPEEAGAAVAAESSTGTWTTVWTDGLTSLDRYKGRCYRIERVVGEKDQYIAYVAYPLDLFEEGSVTNMFTSIVGNVFGFKALRALRLEDLRIPPAYVKTFQGPPHGIQVERDKLNKYGRPLLGCTIKPKLGLSAKNYGRAVYECLRGGLDFTKDDENVNSQPFMRWRDRFLFCAEALYKAQAETGEIKGHYLNATAGTCEEMIKRAVFARELGVPIVMHDYLTGGFTANTSLAHYCRDNGLLLHIHRAMHAVIDRQKNHGIHFRVLAKALRMSGGDHIHSGTVVGKLEGERDITLGFVDLLRDDFVEQDRSRGIYFTQDWVSLPGVLPVASGGIHVWHMPALTEIFGDDSVLQFGGGTLGHPWGNAPGAVANRVALEACVKARNEGRDLAQEGNEIIREACKWSPELAAA
Oryza_eichingeri,14.1,TETKASVGFQAGVKDYKLTYYTPEYETKDTDILAAFRVTPQPGVPPEEAGAAVAAESSTGTWTTVWTDGLTSLDRYKGRCYHIEPVVGEENQYIAYVAYPLDLFEEGSVTNMFTSIVGNVFGFKALRALRLEDLRIPTTYSKTFQGPPHGIQVERDKLNKYGRPLLGCTIKPKLGLSAKNYGRACYECLRGGLDFTKDDENVNSQPFMRWRDRFVFCAEAIYKSQAETGEIKGHYLNATAGTCEEMMKRAIFARELGVPIVMHDYLTGGFTANTSLAHYCRDNGLLLHIHRAMHAVIDRQKNHGMHFRVLAKALRMSGGDHIHAGTVVGKLEGEREMTLGFVDLLRDDFIEKDRARGIFFTQDWVSMPGVIPVASGGIHVWHMPALTEIFGDDSVLQFGGGTLGHPWGNAPGAAANRVALEACVQARNEGRDLAREGNEIIRSACKWSPELAAA
Oryza_longistaminata,15.1,TETKASVGFKAGVKDYKLTYYTPEYETKDTDILAAFRVTPQPGVPPEEAGAAVAAESSTGTWTTVWTDGLTSLDRYKGRCYHIEPVVGEDNQYIAYVAYPLDLFEEGSVTNMFTSIVGNVFGFKALRALRLEDLRIPPTYSKTFQGPPHGIQVERDKLNKYGRPLLGCTIKPKLGLSAKNYGRACYECLRGGLDFTKDDENVNSQPFMRWRDRFVFCAEAIYKSQAETGEIKGHYLNATAGTCEEMIKRAVFARELGVPIVMHDYLTGGFTANTSLAHYCRDNGLLLHIHRAMHAVIDRQKNHGMHFRVLAKALRMSGGDHIHAGTVVGKLEGEREMTLGFVDLLRDDFIEKDRARGIFFTQDWVSMPGVIPVASGGIHVWHMPALTEIFGDDSVLQFGGGTLGHPWGNAPGAAANRVALEACVQARNEGRDLAREGNEIIRSACKWSPELAAA
Oryza_meridionalis,14.6,TETKASVGFKAGVKDYKLTYYTPEYETKDTDILAAFRVTPQPGVPPEEAGAAVAAESSTGTWTTVWTDGLTSLDRYKGRCYHIEPVVGEDNQYIAYVAYPLDLFEEGSVTNMFTSIVGNVFGFKALRALRLEDLRIPPTYSKTFQGPPHGIQVERDKLNKYGRPLLGCTIKPKLGLSAKNYGRACYECLRGGLDFTKDDENVNSQPFMRWRDRFVFCAEAIYKSQAETGEIKGHYLNATAGTCEEMIKRAVFARELGVPIVMHDYLTGGFTANTSLAHYCRDNGLLLHIHRAMHAVIDRQKNHGMHFRVLAKALRMSGGDHIHAGTVVGKLEGEREMTLGFVDLLRDDFIEKDRARGIFFTQDWVSMPGVIPVASGGIHVWHMPALTEIFGDDSVLQFGGGTLGHPWGNAPGAAANRVALEACVQARNEGRDLAREGNEIIRSACKWSPELAAA
Oryza_nivara,15.6,TETKASVGFKAGVKDYKLTYYTPEYETKDTDILAAFRVTPQPGVPPEEAGAAVAAESSTGTWTTVWTDGLTSLDRYKGRCYHIEPVVGEDNQYIAYVAYPLDLFEEGSVTNMFTSIVGNVFGFKALRALRLEDLRIPPTYSKTFQGPPHGIQVERDKLNKYGRPLLGCTIKPKLGLSAKNYGRACYECLRGGLDFTKDDENVNSQPFMRWRDRFVFCAEAIYKSQAETGEIKGHYLNATAGTCEEMIKRAVFARELGVPIVMHDYLTGGFTANTSLAHYCRDNGLLLHIHRAMHAVIDRQKNHGMHFRVLAKALRMSGGDHIHAGTVVGKLEGEREMTLGFVDLLRDDFIEKDRARGIFFTQDWVSMPGVIPVASGGIHVWHMPALTEIFGDDSVLQFGGGTLGHPWGNAPGAAANRVALEACVQARNEGRDLAREGNEIIRSACKWSPELAAA
Oryza_punctata,14.9,TETKASVGFQAGVKDYKLTYYTPEYETKDTDILAAFRVTPQPGVPPEEAGAAVAAESSTGTWTTVWTDGLTSLDRYKGRCYHIEPVVGEENQYIAYVAYPLDLFEEGSVTNMFTSIVGNVFGFKALRALRLEDLRIPTTYSKTFQGPPHGIQVERDKLNKYGRPLLGCTIKPKLGLSAKNYGRACYECLRGGLDFTKDDENVNSQPFMRWRDRFVFCAEAIYKSQAETGEIKGHYLNATAGTCEEMMKRAIFARELGVPIVMHDYLTGGFTANTSLAHYCRDNGLLLHIHRAMHAVIDRQKNHGMHFRVLAKALRMSGGDHIHAGTVVGKLEGEREMTLGFVDLLRDDFIEKDRARGIFFTQDWVSMPGVIPVASGGIHVWHMPALTEIFGDDSVLQFGGGTLGHPWGNAPGAAANRVALEACVQARNEGRDLAREGNEIIRSACKWSPELAAA
Oryza_sativa,17.3,TETKASVGFKAGVKDYKLTYYTPEYETKDTDILAAFRVTPQPGVPPEEAGAAVAAESSTGTWTTVWTDGLTSLDRYKGRCYHIEPVVGEDNQYIAYVAYPLDLFEEGSVTNMFTSIVGNVFGFKALRALRLEDLRIPPTYSKTFQGPPHGIQVERDKLNKYGRPLLGCTIKPKLGLSAKNYGRACYECLRGGLDFTKDDENVNSQPFMRWRDRFVFCAEAIYKSQAETGEIKGHYLNATAGTCEEMIKRAVFARELGVPIVMHDYLTGGFTANTSLAHYCRDNGLLLHIHRAMHAVIDRQKNHGMHFRVLAKALRMSGGDHIHAGTVVGKLEGEREMTLGFVDLLRDDFIEKDRARGIFFTQDWVSMPGVIPVASGGIHVWHMPALTEIFGDDSVLQFGGGTLGHPWGNAPGAAANRVALEACVQARNEGRDLAREGNEIIRSACKWSPELAAA
Panicum_bisulcatum,12.6,TETKASVGFKAGVKDYKLTYYTPEYETKDTDILAAFRVTPQPGVPPEEAGAAVAAESSTGTWTTVWTDGLTSLDRYKGRCYHIEPVPGEPDQYICYVAYPLDLFEEGSVTNMFTSIVGNVFGFKALRALRLEDLRIPPTYSKTFQGPPHGIQVERDKLNKYGRPLLGCTIKPKLGLSAKNYGRACYECLRGGLDFTKDDENVNSQPFMRWRDRFVFCAEAIYKSQAETGEIKGHYLNATAGTCEEMIKRAVFARELGVPIVMHDYLTGGFTANTTLAHYCRDNGLLLHIHRAMHAVIDRQKNHGMHFRVLAKALRMSGGDHIHAGTVVGKLEGEREITLGFVDLLRDDFIEKDRSRGIFFTQDWVSMPGVIPVASGGIHVWHMPALTEIFGDDSVLQFGGGTLGHPWGNAPGAAANRVALEACVQARNEGRDLAREGNEIIKAACKWSPELAAA
Panicum_milioides,12.1,TETKASVGFKAGVKDYKLTYYTPEYETKDTDILAAFRVTPQPGVPPEEAGAAVAAESSTGTWTTVWTDGLTSLDRYKGRCYHIEPVPGEGDQYICYVAYPLDLFEEGSVTNMFTSIVGNVFGFKALRALRLEDLRIPPTYSKTFQGPPHGIQVERDKLNKYGRPLLGCTIKPKLGLSAKNYGRACYECLRGGLDFTKDDENVNSQPFMRWRDRFVFCAEAIYKSQAETGEIKGHYLNATAGTCEEMIKRAVFARELGVPIVMHDYLTGGFTANTSLAHYCRDNGLLLHIHRAMHAVIDRQKNHGMHFRVLAKALRMSGGDHIHAGTVVGKLEGEREITLGFVDLLRDDFIEKDRSRGIFFTQDWVSMPGVIPVASGGIHVWHMPALTEIFGDDSVLQFGGGTLGHPWGNAPGAAANRVALEACVQARNEGRDLAREGNEIIKAACKWSPELAAA
Phaseolus_carteri,14.2,TETKASVGFKAGVKDYKLTYYTPDYETKDTDILAAFRVTPQPGVPPEEAGAAVAAESSTGTWTTVWTDGLTSLDRYKGRCYHIEPVAGEENQYIAYVAYPLDLFEEGSVTNMFTSIVGNVFGFKALRALRLEDLRIPTAYIKTFQGPPHGIQVERDKLNKYGRPLLGCTIKPKLGLSAKNYGRAVYECLRGGLDFTKDDENVNSQPFMRWRDRFLFCAEAIYKAQAETGEIKGHYLNATAGTCEEMIKRAVFARELGVPIVMHDYLTGGFTANTSLAHYCRDNGLLLHIHRAMHAVIDRQKNHGMHFRVLAKALRLSGGDHVHSGTVVGKLEGEREITLGFVDLLRDDFIEKDRSRGIYFTQDWVSLPGVLPVASGGIHVWHMPALTEIFGDDSVLQFGGGTLGHPWGNAPGAVANRVALEACVQARNEGRDLAREGNEIIREASKWSPELAAA
Phaseolus_coccineus,15.6,TETKASVGFKAGVKDYKLTYYTPDYETKDTDILAAFRVTPQPGVPPEEAGAAVAAESSTGTWTTVWTDGLTSLDRYKGRCYHIEPVAGEENQFIAYVAYPLDLFEEGSVTNMFTSIVGNVFGFKALRALRLEDLRIPTAYIKTFQGPPHGIQVERDKLNKYGRPLLGCTIKPKLGLSAKNYGRAVYECLRGGLDFTKDDENVNSQPFMRWRDRFLFCAEAIYKAQAETGEIKGHYLNATAGTCEEMIKRAVFARELGVPIVMHDYLTGGFTANTSLAHYCRDNGLLLHIHRAMHAVIDRQKNHGMHFRVLAKALRLSGGDHVHSGTVVGKLEGEREITLGFVDLLRDDFIEKDRSRGIYFTQDWVSLPGVLPVASGGIHVWHMPALTEIFGDDSVLQFGGGTLGHPWGNAPGAVANRVALEACVQARNEGRDLAREGNEIIREACKWSPELAAA
Phaseolus_lunatus,17.3,TETKASVGFKAGVKDYKLTYYTPDYETKDTDILAAFRVTPQPGVPPEEAGAAVAAESSTGTWTTVWTDGLTSLDRYKGRCYNIEPVAGEENQYIAYVAYPLDLFEEGSVTNMFTSIVGNVFGFKALRALRLEDLRIPTAYIKTFQGPPHGIQVERDKLNKYGRPLLGCTIKPKLGLSAKNYGRAVYECLRGGLDFTKDDENVNSQPFMRWRDRFLFCAEAIYKSQAETGEIKGHYLNATAGTCEEMIKRAVFARELGVPIVMHDYLTGGFTANTSLAHYCRDNGLLLHIHRAMHAVIDRQKNHGMHFRVLAKALRLSGGDHVHSGTVVGKLEGEREITLGFVDLLRDDFIEKDRSRGIYFTQDWVSLPGVLPVASGGIHVWHMPALTEIFGDDSVLQFGGGTLGHPWGNAPGAVANRVALEACVQARNEGRDLAREGNEIIREASKWSPELAAA
Phaseolus_vulgaris,14.0,TETKASVGFKAGVKEYKLTYYTPEYETKDTDILAAFRVTPQPGVPPEEAGAAVAAESSTGTWTTVWTDGLTSLDRYKGRCYHIEPVPGEADQYICYVAYPLDLFEEGSVTNMFTSIVGNVFGFKALRALRLEDLRIPTAYIKTFQGPPHGIQVERDKLNKYGRPLLGCTIKPKLGLSAKNYGRAVYECLRGGLDFTKDDENVNSQPFMRWRDRFLFCAEAIYKSQAETGEIKGHYLNATAGTCEEMMKRAVFARELGVPIIMHDYLTGGFTANTSLAHYCRDNGLLLHIHRAMHAVIDRQKNHGIHFRVLAKALRMSGGDHIHSGTVVGKLEGERDITLGFVDLLRDDFIEKDRSRGIYFTQDWVSLPGVLPVASGGIHVWHMPALTEIFGDDSVLQFGGGTLGHPWGNAPGAVANRVALEACVKARNEGRDLASEGNVIIREASKWSPELAAA
Poa_palustris,19.2,TETKASVGFQAGVKDYKLTYYTPEYETKDTDILAAFRVTPQPGVPPEEAGAAVAAESSTGTWTTVWTDGLTSLDRYKGRCYHIEPVAGEDNQWICYVAYPLDLFEEGSVTNMFTSIVGNVFGFKALRALRLEDLRIPVAYAKTFQGPPHGIQVERDKLNKYGRPLLGCTIKPKLGLSAKNYGRACYECLRGGLDFTKDDENVNSQPFMRWRDRFVFCAEAIYKAQAETGEIKGHYLNATAGTCEEMMKRAIFARELGVPIVMHDYITGGFTANTSLAHYCRDNGLLLHIHRAMHAVIDRQKNHGMHFRVLAKALRMSGGDHIHAGTVVGKLEGEREMTLGFVDLLRDDFIEKDRARGIFFTQDWVSMPGVIPVASGGIHVWHMPALTEIFGDDSVLQFGGGTLGHPWGNAPGAAANRVALEACVQARNEGRDLAREGNEIIRAACKWSPELAAA
Puccinellia_distans,22.2,TETKASVGFQAGVKDYKLTYYTPEYETKDTDILAAFRVTPQPGVPPEEAGAAVAAESSTGTWTTVWTDGLTSLDRYKGRCYHIEPVAGEDNQWICYVAYPLDLFEEGSVTNMFTSIVGNVFGFKALRALRLEDLRIPPAYTKTFQGPPHGIQVERDKLNKYGRPLLGCTIKPKLGLSAKNYGRACYECLRGGLDFTKDDENVNSQPFMRWRDRFVFCAEAIYKSQAETGEIKGHYLNATAGTCEEMIKRAVFARELGVPIVMHDYITGGFTANTSLAHYCRDNGLLLHIHRAMHAVIDRQKNHGMHFRVLAKALRMSGGDHIHSGTVVGKLEGEREITLGFVDLLRDDFIEKDRARGIFFTQDWVSMPGVIPVASGGIHVWHMPALTEIFGDDSVLQFGGGTLGHPWGNAPGAAANRVALEACVQARNEGRDLAREGNEIIRAACKWSPELAAA
Puccinellia_lemmonii,28.1,TETKSSVGFQAGVKDYKLTYYTPEYETKDTDILAAFRVTPQPGVPPEEAGAAVAAESSTGTWTTVWTDGLTSLDRYKGRCYHIEPVAGEDNQWICYVAYPLDLFEEGSVTNMFTSIVGNVFGFKALRALRLEDLRIPPAYAKTFQGPPHGIQVERDKLNKYGRPLLGCTIKPKLGLSAKNYGRACYECLRGGLDFTKDDENVNSQPFMRWRDRFVFCAEAIYKSQAETGEIKGHYLNATAGTCEEMIKRAVFARELGVPIVMHDYITGGFTANTSLAHYCRDNGLLLHIHRAMHAVIDRQKNHGMHFRVLAKALRMSGGDHIHSGTVVGKLEGEREMTLGFVDLLRDDFIEKDRARGIFFTQDWVSMPGVIPVASGGIHVWHMPALTEIFGDDSVLQFGGGTLGHPWGNAPGAAANRVALEACVQARNEGRDLAREGNEIIRAACKWSPELAAA
Puccinellia_maritima,20.8,TETKSSVGFQAGVKDYKLTYYTPEYETKDTDILAAFRVTPQPGVPPEEAGAAVAAESSTGTWTTVWTDGLTSLDRYKGRCYHIEPVAGEDNQWICYVAYPLDLFEEGSVTNMFTSIVGNVFGFKALRALRLEDLRIPPAYAKTFQGPPHGIQVERDKLNKYGRPLLGCTIKPKLGLSAKNYGRACYECLRGGLDFTKDDENVNSQPFMRWRDRFVFCAEAIYKSQAETGEIKGHYLNATAGTCEEMIKRAVFARELGVPIVMHDYITGGFTANTSLAHYCRDNGLLLHIHRAMHAVIDRQKNHGMHFRVLAKALRMSGGDHIHAGTVVGKLEGEREMTLGFVDLLRDDFIEKDRARGIFFTQDWVSMPGVIPVASGGIHVWHMPALTEIFGDDSVLQFGGGTLGHPWGNAPGAAANRVALEACVQARNEGRDLAREGNEIIRAACKWSPELAAA
Puccinellia_nuttalliana,25.2,TETKASVGFQAGVKDYKLTYYTPEYETKDTDILAAFRVTPQPGVPPEEAGAAVAAESSTGTWTTVWTDGLTSLDRYKGRCYHIEPVAGEDNQWICYVAYPLDLFEEGSVTNMFTSIVGNVFGFKALRALRLEDLRIPPAYAKTFQGPPHGIQVERDKLNKYGRPLLGCTIKPKLGLSAKNYGRACYECLRGGLDFTKDDENVNSQPFMRWRDRFVFCAEAIYKSQAETGEIKGHYLNATAGTCEEMIKRAVFARELGVPIVMHDYITGGFTANTSLAHYCRDNGLLLHIHRAMHAVIDRQKNHGMHFRVLAKALRMSGGDHIHSGTVVGKLEGEREMTLGFVDLLRDDFIEKDRARGIFFTQDWVSMPGVIPVASGGIHVWHMPALTEIFGDDSVLQFGGGTLGHPWGNAPGAAANRVALEACVQARNEGRDLAREGNEIIRAACKWSPELAAA
Secale_cereale,20.2,TETKAGVGFQAGVKDYKLTYYTPEYETKDTDILAAFRVSPQPGVPPEEAGAAVAAESSTGTWTTVWTDGLTSLDRYKGRCYHIEPVAGEDNQWICYVAYPLDLFEEGSVTNMFTSIVGNVFGFKALRALRLEDLRIPPTYSKTFQGPPHGIQVERDKLNKYGRPLLGCTIKPKLGLSAKNYGRACYECLRGGLDFTKDDENVNSQPFMRWRDRFVFCAEAIYKSQAETGEIKGHYLNATAGTCEEMIKRAVFARELGVPIVMHDYLTGGFTANTTLAHYCRDNGLLLHIHRAMHAVIDRQKNHGMHFRVLAKALRMSGGDHIHSGTVVGKLEGEREMTLGFVDLLRDDFIEKDRARGIFFTQDWVSMPGVIPVASGGIHVWHMPALTEIFGDDSVLQFGGGTLGHPWGNAPGAAANRVALEACVQARNEGRDLAREGNEIIRAACKWSPELAAA
Solanum_lycopersicum,16.6,TETKASVGFKAGVKEYKLTYYTPEYQTKDTDILAAFRVTPQPGVPPEEAGAAVAAESSTGTWTTVWTDGLTSLDRYKGRCYRIERVVGEKDQYIAYVAYPLDLFEEGSVTNMFTSIVGNVFGFKALRALRLEDLRIPPAYVKTFQGPPHGIQVERDKLNKYGRPLLGCTIKPKLGLSAKNYGRAVYECLRGGLDFTKDDENVNSQPFMRWRDRFLFCAEALFKAQTETGEIKGHYLNATAGTCEEMIKRAVFARELGVPIVMHDYLTGGFTANTTLAHYCRDNGLLLHIHRAMHAVIDRQKNHGIHFRVLAKALRMSGGDHIHSGTVVGKLEGERDITLGFVDLLRDDFVEQDRSRGIYFTQDWVSLPGVLPVASGGIHVWHMPALTEIFGDDSVLQFGGGTLGHPWGNAPGAVANRVALEACVKARNEGRDLAREGNEIIREACKWSPELAAA
Solanum_tuberosum,18.0,TETKASVGFKAGVKEYKLTYYTPEYQTKDTDILAAFRVTPQPGVPPEEAGAAVAAESSTGTWTTVWTDGLTSLDRYKGRCYRIERVVGEKDQYIAYVAYPLDLFEEGSVTNMFTSIVGNVFGFKALRALRLEDLRIPTAYVKTFQGPPHGIQVERDKLNKYGRPLLGCTIKPKLGLSAKNYGRAVYECLRGGLDFTKDDENVNSQPFMRWRDRFLFCAEALFKAQTETGEIKGHYLNATAGTCEEMMKRAVFARELGVPIVMHDYLTGGFTANTTLAHYCRDNGLLLHIHRAMHAVIDRQKNHGIHFRVLAKALRMSGGDHIHSGTVVGKLEGERDITLGFVDLLRDDFIEQDRSRGIYFTQDWVSLPGVLPVASGGIHVWHMPALTEIFGDDSVLQFGGGTLGHPWGNAPGAVANRVALEACVKARNEGRDLAQEGNEIIREACKWSPELAAA
Sphenostylis_stenocarpa,17.4,TETKASVGFKAGVKDYKLTYYTPDYETKDTDILAAFRVTPQPGVPPEEAGAAVAAESSTGTWTTVWTDGLTSLDRYKGRCYHIEPVAGEENQYIAYVAYPLDLFEEGSVTNMFTSIVGNVFGFKALRALRLEDLRIPTSYIKTFQGPPHGIQVERDKLNKYGRPLLGCTIKPKLGLSAKNYGRAVYECLRGGLDFTKDDENVNSQPFMRWRDRFLFCAEAIYKAQAETGEIKGHYLNATAGTCEEMIKRAVFARELGVPIVMHDYLTGGFTANTSLAHYCRDNGLLLHIHRAMHAVIDRQKNHGMHFRVLAKALRLSGGDHVHSGTVVGKLEGEREITLGFVDLLRDDFIEKDRSRGIYFTQDWVSLPGVLPVASGGIHVWHMPALTEIFGDDSVLQFGGGTLGHPWGNAPGAVANRVALEACVQARNEGRDLAREGNEIIREACKWSPELAAA
Spinacia_oleracea,26.9,TETKASVGFKAGVKDYKLTYYTPEYETLDTDILAAFRVSPQPGVPPEEAGAAVAAESSTGTWTTVWTDGLTNLDRYKGRCYHIEPVAGEENQYICYVAYPLDLFEEGSVTNMFTSIVGNVFGFKALRALRLEDLRIPVAYVKTFQGPPHGIQVERDKLNKYGRPLLGCTIKPKLGLSAKNYGRAVYECLRGGLDFTKDDENVNSQPFMRWRDRFLFCAEALYKAQAETGEIKGHYLNATAGTCEDMMKRAVFARELGVPIVMHDYLTGGFTANTTLSHYCRDNGLLLHIHRAMHAVIDRQKNHGMHFRVLAKALRLSGGDHIHSGTVVGKLEGERDITLGFVDLLRDDYTEKDRSRGIYFTQSWVSTPGVLPVASGGIHVWHMPALTEIFGDDSVLQFGGGTLGHPWGNAPGAVANRVALEACVQARNEGRDLAREGNTIIREATKWSPELAAA
Tephrosia_candida,15.9,TETKASVGFKAGVKDYKLTYYTPDYETKDTDILAAFRVTPQPGVPPEEAGAAVAAESSTGTWTTVWTDGLTSLDRYKGRCYHIEPVAGEENQYIAYVAYPLDLFEEGSVTNMFTSIVGNVFGFKALRALRLEDLRIPNSYIKTFQGPPHGIQVERDKLNKYGRPLLGCTIKPKLGLSAKNYGRAVYECLRGGLDFTKDDENVNSQPFMRWRDRFLFCAEAIFKSQAETGEIKGHYLNATAGTCEEMIKRAVFARELGVPIVMHDYLTGGFTANTSLAHYCRDNGLLLHIHRAMHAVIDRQKNHGMHFRVLAKALRLSGGDHIHAGTVVGKLEGEREITLGFVDLLRDDFIEKDRSRGIYFTQDWVSLPGVLPVASGGIHVWHMPALTEIFGDDSVLQFGGGTLGHPWGNAPGAVANRVALEACVQARNEGRDLAREGNEIIREASKWSPELAAA
Tephrosia_purpurea,12.4,TETKASVGFKAGVKDYKLNYYTPDYETKDTDILAAFRVTPQPGVPPEEAGAAVAAESSTGTWTTVWTDGLTSLDRYKGRCYHIEPVAGEENQYIAYVAYPLDLFEEGSVTNMFTSIVGNVFGFKALRALRLEDLRIPNSYIKTFQGPPHGIQVERDKLNKYGRPLLGCTIKPKLGLSAKNYGRAVYECLRGGLDFTKDDENVNSQPFMRWRDRFLFCAEALFKSQAETGEIKGHYLNATAGTCEEMMKRAVFARELGVPIVMHDYLTGGFTANTSLAHYCRDNGLLLHIHRAMHAVIDRQKNHGMHFRVLAKALRLSGGDHIHAGTVVGKLEGEREITLGFVDLLRDDFIEKDRSRGIYFTQDWVSLPGVLPVASGGIHVWHMPALTEIFGDDSVLQFGGGTLGHPWGNAPGAVANRVALEACVQARNEGRDLAREGNEIIREASKWSPELAAA
Tephrosia_rhodesica,13.7,TETKSSVGFKAGVKDYKLTYYTPDYETKDTDILAAFRVTPQPGVPPEEAGAAVAAESSTGTWTTVWTDGLTSLDRYKGRCYHIEPVAGEENQFIAYVAYPLDLFEEGSVTNMFTSIVGNVFGFKALRALRLEDLRIPNSYIKTFQGPPHGIQVERDKLNKYGRPLLGCTIKPKLGLSAKNYGRAVYECLRGGLDFTKDDENVNSQPFMRWRDRFLFCAEAIFKSQAETGEIKGHYLNATAGTCEEMIKRAVFARELGVPIVMHDYLTGGFTANTSLAHYCRDNGLLLHIHRAMHAVIDRQKNHGMHFRVLAKALRLSGGDHIHAGTVVGKLEGEREITLGFVDLLRDDFVEKDRSRGIYFTQDWVSLPGVLPVASGGIHVWHMPALTEIFGDDSVLQFGGGTLGHPWGNAPGAVANRVALEACVQARNEGRDLAREGNEIIREASKWSPELAAA
Trachycarpus_fortunei,14.2,TETKASVGFKAGVKDYKLTYYTPDYETKDTDILAAFRVTPQPGVPPEEAGAAVAAESSTGTWTTVWTDGLTSLDRYKGRCYHIETVVGEENQYIAYVAYPLDLFEEGSVTNMFTSIVGNVFGFKALRALRLEDLRIPTSYSKTFQGPPHGIQVERDKLNKYGRPLLGCTIKPKLGLSAKNYGRAVYECLRGGLDFTKDDENVNSQPFMRWRDRFLFCTEALYKAQAETGEIKGHYLNATAGTCEEMMKRAIFARELGVPIVMHDYLTGGFTANTSLAHYCRDNGLLLHIHRAMHAVIDRQKNHGMHFRVLAKALRMSGGDHIHAGTVVGKLEGEREMTLGFVDLLRDDFIEKDRSRGIFFTQDWVSMPGVIPVASGGIHVWHMPALTEIFGDDSVLQFGGGTLGHPWGNAPGAVANRVALEACVQARNEGRDLAREGNEIIREASKWSPELAAA
Trifolium_repens,20.8,TETKAKVGFKAGVKDYRLTYYTPEYETKDTDILAAFRVTPQPGVPPEEAGAAVAAESSTGTWTTVWTDGLTSLDRYKGRCYHIEPVPGEESQFIAYVAYPLDLFEEGSVTNMFTSIVGNVFGFKALRALRLEDLRIPVAYVKTFQGPPHGIQVERDKLNKYGRPLLGCTIKPKLGLSAKNYGRAVYECLRGGLDFTKDDENVNSQPFMRWRDRFLFCAEAIYKSQAETGEIKGHYLNATAGTCEEMIKRAVFARELGVPIVMHDYLTGGFTANTTLAHYCRDNGLLLHIHRAMHAVIDRQKNHGMHFRVLAKALRLSGGDHIHAGTVVGKLEGEREITLGFVDLLRDDYVEKDRSRGIFFTQDWVSLPGVLPVASGGIHVWHMPALTEIFGDDSVLQFGGGTLGHPWGNAPGAVANRVALEACVQARNEGRDLAREGNEIIRAAAKWSPELAAA
Triticum_aestivum,16.0,TETKAGVGFKAGVKDYKLTYYTPEYETKDTDILAAFRVSPQPGVPPEEAGAAVAAESSTGTWTTVWTDGLTSLDRYKGRCYHIEPVAGEDSQWICYVAYPLDLFEEGSVTNMFTSIVGNVFGFKALRALRLEDLRIPPTYSKTFQGPPHGIQVERDKLNKYGRPLLGCTIKPKLGLSAKNYGRACYECLRGGLDFTKDDENVNSQPFMRWRDRFVFCAEAIYKSQAETGEIKGHYLNATAGTCEEMIKRAVFARELGVPIVMHDYLTGGFTANTTLAHYCRDNGLLLHIHRAMHAVIDRQKNHGMHFRVLAKALRMSGGDHIHSGTVVGKLEGEREMTLGFVDLLRDDFIEKDRARGIFFTQDWVSMPGVIPVASGGIHVWHMPALTEIFGDDSVLQFGGGTLGHPWGNAPGAAANRVALEACVQARNEGRDLAREGNEIIRAACKWSPELAAA
Triticum_monococcum,14.0,TETKAGVGFQAGVKDYKLTYYTPEYETKDTDILAAFRVSPQPGVPPEEAGAAVAAESSTGTWTTVWTDGLTSLDRYKGRCYHIEPVAGEDNQWICYVAYPLDLFEEGSVTNMFTSIVGNVFGFKALRALRLEDLRIPPTYSKTFQGPPHGIQVERDKLNKYGRPLLGCTIKPKLGLSAKNYGRACYECLRGGLDFTKDDENVNSQPFMRWRDRFVFCAEAIYKSQAETGEIKGHYLNATAGTCEEMIKRAVFARELGVPIVMHDYLTGGFTANTTLAHYCRDNGLLLHIHRAMHAVIDRQKNHGMHFRVLAKALRMSGGDHIHSGTVVGKLEGEREMTLGFVDLLRDDFIEKDRARGIFFTQDWVSMPGVIPVASGGIHVWHMPALTEIFGDDSVLQFGGGTLGHPWGNAPGAAANRVALEACVQARNEGRDLAREGNEIIRAACKWSPELAAA
Triticum_timopheevii,16.2,TETKAGVGFQAGVKDYKLTYYTPEYETKDTDILAAFRVSPQPGVPPEEAGAAVAAESSTGTWTTVWTDGLTSLDRYKGRCYHIEPVAGEDNQWICYVAYPLDLFEEGSVTNMFTSIVGNVFGFKALRALRLEDLRIPPTYSKTFQGPPHGIQVERDKLNKYGRPLLGCTIKPKLGLSAKNYGRACYECLRGGLDFTKDDENVNSQPFMRWRDRFVFCAEAIYKSQAETGEIKGHYLNATAGTCEEMIKRAVFARELGVPIVMHDYLTGGFTANTTLAHYCRDNGLLLHIHRAMHAVIDRQKNHGMHFRVLAKALRMSGGDHIHSGTVVGKLEGEREMTLGFVDLLRDDFIEKDRARGIFFTQDWVSMPGVIPVASGGIHVWHMPALTEIFGDDSVLQFGGGTLGHPWGNAPGAAANRVALEACVQARNEGRDLAREGNEIIRAACKWSPELAAA
Limonium_leonardi-llorensii,13.0,TETKSYVGFKAGVKDYKLTYYTPEYETLDTDILAAFRVTPQPGVPPEEAGAAVAAESSTGTWTTVWTDGLTNLDRYKGRCYHIEPVAGEENQFIAYVAYPLDLFEEGSVTNMFTSIVGNVFGFKALRALRLEDLRIPPAYSKTFQGPPHGIQVERDKLNKYGRPLLGCTIKPKLGLSAKNYGRAVYECLRGGLDFTKDDENVNSQPFMRWRDRFLFCTEAIYKAQAETGEVKGHYLNATAGTSEEMIKRAACARELGVPIVMHDYLTGGFTSNTSLAHYCRDNGLLLHIHRAMHAVIDRQKNHGMHFRVLAKALRMSGGDHIHAGTVVGKLEGEREITLGFVDLLRDDYIEKDRSRGIYFTQDWVSMPGVIPVASGGIHVWHMPALTEIFGDDSVLQFGGGTLGHPWGNAPGAVANRVALEACVQARNEGRDLAREGNEIIRQAATWSPELAAA
Calamagrostis_inexpansa,18.8,TETKASVGFKAGVKDYKLTYYTPEYETKDTDILAAFRVTPQPGVPPEEAGAAVAAESSTGTWTTVWTDGLTSLDRYKGRCYHIEPVAGEDNQWICYVAYPLDLFEEGSVTNMFTSIVGNVFGFKALRALRLEDLRIPPAYTKTFQGPPHGIQVERDKLNKYGRPLLGCTIKPKLGLSAKNYGRACYECLRGGLDFTKDDENVNSQPFMRWRDRFVFCAEAIYKAQAETGEIKGHYLNATAGTCEEMIKRAVFARELGVPIVMHDYITGGFTANTSLAQYCRDNGLLLHIHRAMHAVIDRQKNHGMHFRVLAKALRMSGGDHIHAGTVVGKLEGEREMTLGFVDLLRDDFIEKDRARGIFFTQDWVSLPGVIPVASGGIHVWHMPALTEIFGDDSVLQFGGGTLGHPWGNAPGAAANRVALEACVQARNEGRDLAREGNEIIRAACKWSPELAAA
Triticum_dicoccon1,15.4,TETKAGVGFKAGVKDYKLTYYTPEYETKDTDILAAFRVSPQPGVPPEEAGAAVAAESSTGTWTTVWTDGLTSLDRYKGRCYHIEPVAGEDSQWICYVAYPLDLFEEGSVTNMFTSIVGNVFGFKALRALRLEDLRIPPTYSKTFQGPPHGIQVERDKLNKYGRPLLGCTIKPKLGLSAKNYGRACYECLRGGLDFTKDDENVNSQPFMRWRDRFVFCAEAIYKSQAETGEIKGHYLNATAGTCEEMIKRAVFARELGVPIVMHDYLTGGFTANTTLAHYCRDNGLLLHIHRAMHAVIDRQKNHGMHFRVLAKALRMSGGDHIHSGTVVGKLEGEREMTLGFVDLLRDDFIEKDRARGIFFTQDWVSMPGVIPVASGGIHVWHMPALTEIFGDDSVLQFGGGTLGHPWGNAPGAAANRVALEACVQARNEGRDLAREGNEIIRAACKWSPELAAA
Triticum_aestivum_SATYN1,17.6,TETKAGVGFKAGVKDYKLTYYTPEYETKDTDILAAFRVSPQPGVPPEEAGAAVAAESSTGTWTTVWTDGLTSLDRYKGRCYHIEPVAGEDSQWICYVAYPLDLFEEGSVTNMFTSIVGNVFGFKALRALRLEDLRIPPTYSKTFQGPPHGIQVERDKLNKYGRPLLGCTIKPKLGLSAKNYGRACYECLRGGLDFTKDDENVNSQPFMRWRDRFVFCAEAIYKSQAETGEIKGHYLNATAGTCEEMIKRAVFARELGVPIVMHDYLTGGFTANTTLAHYCRDNGLLLHIHRAMHAVIDRQKNHGMHFRVLAKALRMSGGDHIHSGTVVGKLEGEREMTLGFVDLLRDDFIEKDRARGIFFTQDWVSMPGVIPVASGGIHVWHMPALTEIFGDDSVLQFGGGTLGHPWGNAPGAAANRVALEACVQARNEGRDLAREGNEIIRAACKWSPELAAA
Coffee_arabica,22.9,TETKASVGFKAGVKEYKLTYYTPEYETKDTDILAAFRVTPQPGVPPEEAGAAVAAESSTGTWTAVWTDGLTSLDRYKGRCYHIEPVPGEENQYIAYVAYPLDLFEEGSVTNMFTSIVGNVFGFKALRALRLEDLRVPPAYIKTFQGPPHGIQVERDKLNKYGRPLLGCTIKPKLGLSAKNYGRAVYECLRGGLDFTKDDENVNSQPFMRWRDRFCFCAEALFKAQAETGEIKGHYLNATAGTCEEMIKRAVFARELGVPIVMHDYLTGGFTANTSLAHYCRDNGLLLHIHRAMHAVIDRQKNHGMHFRVLAKGLRMSGGDHIHAGTVVGKLEGERDITLGFVDLLRDDFIEKDRSRGIYFTQDWVSLPGVIPVASGGIHVWHMPALTEIFGDDSVLQFGGGTLGHPWGNAPGAVANRVALEACVKARNEGRDLAAEGNEIIREASKWSPELAAA
Oryza_barthii/glaberrima,14.0,TETKASVGFKAGVKDYKLTYYTPEYETKDTDILAAFRVTPQPGVPPEEAGAAVAAESSTGTWTTVWTDGLTSLDRYKGRCYHIEPVVGEDNQYIAYVAYPLDLFEEGSVTNMFTSIVGNVFGFKALRALRLEDLRIPPTYSKTFQGPPHGIQVERDKLNKYGRPLLGCTIKPKLGLSAKNYGRACYECLRGGLDFTKDDENVNSQPFMRWRDRFVFCAEAIYKSQAETGEIKGHYLNATAGTCEEMIKRAVFARELGVPIVMHDYLTGGFTANTSLAHYCRDNGLLLHIHRAMHAVIDRQKNHGMHFRVLAKALRMSGGDHIHAGTVVGKLEGEREMTLGFVDLLRDDFIEKDRARGIFFTQDWVSMPGVIPVASGGIHVWHMPALTEIFGDDSVLQFGGGTLGHPWGNAPGAAANRVALEACVQARNEGRDLAREGNEIIRSACKWSPELAAA
Oryza_sativa_subsp._Indica,7.0,TETKASVGFKAGVKDYKLTYYTPEYETKDTDILAAFRVTPQPGVPPEEAGAAVAAESSTGTWTTVWTDGLTSLDRYKGRCYHIEPVVGEDNQYIAYVAYPLDLFEEGSVTNMFTSIVGNVFGFKALRALRLEDLRIPPTYSKTFQGPPHGIQVERDKLNKYGRPLLGCTIKPKLGLSAKNYGRACYECLRGGLDFTKDDENVNSQPFMRWRDRFVFCAEAIYKSQAETGEIKGHYLNATAGTCEEMIKRAVFARELGVPIVMHDYLTGGFTANTSLAHYCRDNGLLLHIHRAMHAVIDRQKNHGMHFRVLAKALRMSGGDHIHAGTVVGKLEGEREMTLGFVDLLRDDFIEKDRARGIFFTQDWVSMPGVIPVASGGIHVWHMPALTEIFGDDSVLQFGGGTLGHPWGNAPGAAANRVALEACVQARNEGRDLAREGNEIIRSACKWSPELAAA
Limonium_antonii-llorensii,13.3,TETKSFVGFKAGVKDYKLTYYTPEYETLDTDILAAFRVTPQPGVPPEEAGAAVAAESSTGTWTTVWTDGLTNLDRYKGRCYHIEPVAGEESQFIAYVAYPLDLFEEGSVTNMFTSIVGNVFGFKALRALRLEDLRIPPAYSKTFQGPPHGIQVERDKLNKYGRPLLGCTIKPKLGLSAKNYGRAVYECLRGGLDFTKDDENVNSQPFMRWRDRFLFCTEAIYKAQAETGEVKGHYLNATAATSEEMIKRAACARELGVPIVMHDYLTGGFTSNTSLAHYCRDNGLLLHIHRAMHAVIDRQKNHGMHFRVLAKALRMSGGDHIHAGTVVGKLEGEREITLGFVDLLRDDYIEKDRSRGIYFTQDWVSMPGVIPVASGGIHVWHMPALTEIFGDDSVLQFGGGTLGHPWGNAPGAVANRVALEACVQARNEGRDLAREGNEIIRQAATWSPELAAA
Pueraria_montana,20.9,TETKASVGFKAGVKDYKLTYYTPDYETKDTDILAAFRVTPQPGVPPEEAGAAVAAESSTGTWTTVWTDGLTSLDRYKGRCYHLEPVAGEENQYIAYVAYPLDLFEEGSVTNMFTSIVGNVFGFKALRALRLEDLRIPISYIKTFQGPPHGIQVERDKLNKYGRPLLGCTIKPKLGLSAKNYGRAVYECLRGGLDFTKDDENVNSQPFMRWRDRFLFCAEAIFKSQAETGEIKGHYLNATAGTCEEMMKRAVFARELGVPIVMHDYLTGGFTANTSLAHYCRDNGLLLHIHRAMHAVIDRQKNHGMHFRVLAKALRLSGGDHVHAGTVVGKLEGEREITLGFVDLLRDDFIEKDRSRGIYFTQDWVSLPGVLPVASGGIHVWHMPALTEIFGDDSVLQFGGGTLGHPWGNAPGAVANRVALEACVQARNEGRDLAREGNEIIREASKWSPELAAA
Hordeum_vulgare_ssp._vulgare_cv._Morex,14.9,TETKAGVGFQAGVKDYKLTYYTPEYETKDTDILAAFRVSPQPGVPPEEAGAAVAAESSTGTWTTVWTDGLTSLDRYKGRCYHIEPVAGEDSQWICYVAYPLDLFEEGSVTNMFTSIVGNVFGFKALRALRLEDLRIPPTYSKTFQGPPHGIQVERDKLNKYGRPLLGCTIKPKLGLSAKNYGRACYECLRGGLDFTKDDENVNSQPFMRWRDRFVFCAEAIYKSQAETGEIKGHYLNATAGTCEEMIKRAVFARELGVPIVMHDYLTGGFTANTTLAHYCRDNGLLLHIHRAMHAVIDRQKNHGMHFRVLAKALRMSGGDHIHSGTVVGKLEGEREMTLGFVDLLRDDFIEKDRARGIFFTQDWVSMPGVIPVASGGIHVWHMPALTEIFGDDSVLQFGGGTLGHPWGNAPGAAANRVALEACVQARNEGRDLAREGNEIIRAACKWSPELAAA
Dactylis_glomerata_cv._Porto,15.7,TETKASVGFQAGVKDYKLTYYTPEYETKDTDILAAFRVTPQPGVPPEEAGAAVAAESSTGTWTTVWTDGLTSLDRYKGRCYHIEPVAGEDNQWICYVAYPLDLFEEGSVTNMFTSIVGNVFGFKALRALRLEDLRIPPAYTKTFQGPPHGIQVERDKLNKYGRPLLGCTIKPKLGLSAKNYGRACYECLRGGLDFTKDDENVNSQPFMRWRDRFVFCAEAIYKAQAETGEIKGHYLNATAGTCEEMIKRAVFARELGVPIVMHDYITGGFTANTTLAHYCRDNGLLLHIHRAMHAVIDRQKNHGMHFRVLAKALRMSGGDHIHAGTVVGKLEGEREMTLGFVDLLRDDFIEKDRARGIFFTQDWVSLPGVIPVASGGIHVWHMPALTEIFGDDSVLQFGGGTLGHPWGNAPGAAANRVALEACVQARNEGRDLAREGNEIIRAACKWSPELAAA
oryza_sativa_subsp._Japonica,11.8,TETKASVGFKAGVKDYKLTYYTPEYETKDTDILAAFRVTPQPGVPPEEAGAAVAAESSTGTWTTVWTDGLTSLDRYKGRCYHIEPVVGEDNQYIAYVAYPLDLFEEGSVTNMFTSIVGNVFGFKALRALRLEDLRIPPTYSKTFQGPPHGIQVERDKLNKYGRPLLGCTIKPKLGLSAKNYGRACYECLRGGLDFTKDDENVNSQPFMRWRDRFVFCAEAIYKSQAETGEIKGHYLNATAGTCEEMIKRAVFARELGVPIVMHDYLTGGFTANTSLAHYCRDNGLLLHIHRAMHAVIDRQKNHGMHFRVLAKALRMSGGDHIHAGTVVGKLEGEREMTLGFVDLLRDDFIEKDRARGIFFTQDWVSMPGVIPVASGGIHVWHMPALTEIFGDDSVLQFGGGTLGHPWGNAPGAAANRVALEACVQARNEGRDLAREGNEIIRSACKWSPELAAA
Brachypodium_distachyon,11.9,TETKASVGFKAGVKDYRLTYYTPEYETKDTDILAAFRVSPQPGVPPEEAGAAVAAESSTGTWTTVWTDGLTSLDRYKGRCYHIEPVPGEDSQWICYVAYPLDLFEEGSVTNMFTSIVGNVFGFKALRALRLEDLRIPPTYSKTFQGPPHGIQVERDKLNKYGRPLLGCTIKPKLGLSAKNYGRACYECLRGGLDFTKDDENVNSQPFMRWRDRFVFCAEAIYKSQAETGEIKGHYLNATAGTCEEMMKRAVFARELGVPIVMHDYLTGGFTANTTLAHYCRDNGLLLHIHRAMHAVIDRQKNHGMHFRVLAKALRMSGGDHIHAGTVVGKLEGEREITLGFVDLLRDDFIEKDRARGIFFTQDWVSMPGVIPVASGGIHVWHMPALTEIFGDDSVLQFGGGTLGHPWGNAPGAAANRVALEACVQARNEGRDLAREGNEIIRAACKWSPELAAA
Citrullus_lanatus_var._lanatus,19.4,TETKASVGFKAGVKDYKLTYYTPEYETKDTDILAAFRVTPQPGVPPEEAGAAVAAESSTGTWTTVWTDGLTSLDRYKGRCYGIEPVPGEENQYIAYVAYPLDLFEEGSVTNMFTSIVGNVFGFKALRALRLEDLRIPTAYIKTFQGPPHGIQVERDKLNKYGRPLLGCTIKPKLGLSAKNYGRAVYECLRGGLDFTKDDENVNSQPFMRWRDRFLFCAEAIYKSQAETGEIKGHYLNATAGTCEEMMKRAVFARELGVPIVMHDYLTGGFTANTSLAHYCRDNGLLLHIHRAMHAVIDRQKNHGMHFRVLAKALRMSGGDHIHAGTVVGKLEGEREITLGFVDLLRDDFIEKDRSRGIYFTQDWVSLPGVLPVASGGIHVWHMPALTEIFGDDSVLQFGGGTLGHPWGNAPGAVANRVALEACVQARNEGRDLAREGNEIIREASKWSPELAAA
Blitum_petiolare,25.6,TETKASVGFKAGVKDYKLTYYTPEYETQDTDILAAFRVSPQPGVPPEEAGAAVAAESSTGTWTTVWTDGLTSLDRYKGRCYHIEPVAGEENQYICYVAYPLDLFEEGSVTNMFTSIVGNVFGFKALRALRLEDLRIPVAYIKTFQGPPHGIQVERDKLNKYGRPLLGCTIKPKLGLSAKNYGRACYECLRGGLDFTKDDENVNSQPFMRWRDRFLFCAEAIYKAQAETGEIKGHYLNATAATCEEMIKRAVFARELGAPIVMHDYLTGGFTANTSLAHYCRDNGLLLHIHRAMHAVIDRQKNHGMHFRVLAKALRLSGGDHIHSGTVVGKLEGERDITLGFVDLLRDDYTEKDRSRGIYFTQSWVSTPGVLPVASGGIHVWHMPALTEIFGDDSVLQFGGGTLGHPWGNAPGAVANRVALEACVQARNEGRDLAREGNTIIREASKWSPELAAA
Chenopodiastrum_murale,23.8,TETKASVGFKAGVKDYKLTYYTPEYETQDTDILAAFRVSPQPGVPPEEAGAAVAAESSTGTWTTVWTDGLTSLDRYKGRCYHIEPVAGEENQYICYVAYPLDLFEEGSVTNMFTSIVGNVFGFKALRALRLEDLRIPVAYIKTFQGPPHGIQVERDKLNKYGRPLLGCTIKPKLGLSAKNYGRAVYECLRGGLDFTKDDENVNSQPFMRWRDRFLFCAEAINKAQAETGEIKGHYLNATAGTCEEMIKRAVFARELGVPIVMHDYITGGFTANTSLAHYCRDNGLLLHIHRAMHAVIDRQKNHGMHFRVLAKALRLSGGDHIHSGTVVGKLEGERDITLGFVDLLRDDYTEKDRSRGIYFTQSWVSTPGVLPVASGGIHVWHMPALTEIFGDDSVLQFGGGTLGHPWGNAPGAVANRVALEACVQARNEGRDLAREGNTIIREASKWSPELAAA
Citrullus_lanatus,19.4,TETKASVGFKAGVKDYKLTYYTPEYETKDTDILAAFRVTPQPGVPPEEAGAAVAAESSTGTWTTVWTDGLTSLDRYKGRCYGIEPVPGEENQYIAYVAYPLDLFEEGSVTNMFTSIVGNVFGFKALRALRLEDLRIPTAYIKTFQGPPHGIQVERDKLNKYGRPLLGCTIKPKLGLSAKNYGRAVYECLRGGLDFTKDDENVNSQPFMRWRDRFLFCAEAIYKSQAETGEIKGHYLNATAGTCEEMMKRAVFARELGVPIVMHDYLTGGFTANTSLAHYCRDNGLLLHIHRAMHAVIDRQKNHGMHFRVLAKALRMSGGDHIHAGTVVGKLEGEREITLGFVDLLRDDFIEKDRSRGIYFTQDWVSLPGVLPVASGGIHVWHMPALTEIFGDDSVLQFGGGTLGHPWGNAPGAVANRVALEACVQARNEGRDLAREGNEIIREASKWSPELAAA
Hordeum_vulgare,15.2,TETKAGVGFQAGVKDYKLTYYTPEYETKDTDILAAFRVSPQPGVPPEEAGAAVAAESSTGTWTTVWTDGLTSLDRYKGRCYHIEPVAGEDSQWICYVAYPLDLFEEGSVTNMFTSIVGNVFGFKALRALRLEDLRIPPTYSKTFQGPPHGIQVERDKLNKYGRPLLGCTIKPKLGLSAKNYGRACYECLRGGLDFTKDDENVNSQPFMRWRDRFVFCAEAIYKSQAETGEIKGHYLNATAGTCEEMIKRAVFARELGVPIVMHDYLTGGFTANTTLAHYCRDNGLLLHIHRAMHAVIDRQKNHGMHFRVLAKALRMSGGDHIHSGTVVGKLEGEREMTLGFVDLLRDDFIEKDRARGIFFTQDWVSMPGVIPVASGGIHVWHMPALTEIFGDDSVLQFGGGTLGHPWGNAPGAAANRVALEACVQARNEGRDLAREGNEIIRAACKWSPELAAA
Lolium_giganteum,31.2,TETKASVGFQAGVKDYKLTYYTPEYETKDTDILAAFRVTPQPGVPPEEAGAAVAAESSTGTWTTVWTDGLTSLDRYKGRCYHIEPVAGEDNQWICYVAYPLDLFEEGSVTNMFTSIVGNVFGFKALRALRLEDLRIPVAYSKTFQGPPHGIQVERDKLNKYGRPLLGCTIKPKLGLSAKNYGRACYECLRGGLDFTKDDENVNSQPFMRWRDRFVFCAEALYKAQAETGEIKGHYLNATAGTCEEMIKRAVFARELGVPIVMHDYITGGFTANTSLAHYCRDNGLLLHIHRAMHAVIDRQKNHGMHFRVLAKALRMSGGDHIHSGTVVGKLEGEREMTLGFVDLLRDDFIEKDRARGIFFTQDWASMPGVIPVASGGIHVWHMPALTEIFGDDSVLQFGGGTLGHPWGNAPGAAANRVALEACVQARNEGRDLAREGNEIIRAACKWSPELAAA
Oryza_barthii_x_Oryza_glaberrima,14.0,TETKASVGFKAGVKDYKLTYYTPEYETKDTDILAAFRVTPQPGVPPEEAGAAVAAESSTGTWTTVWTDGLTSLDRYKGRCYHIEPVVGEDNQYIAYVAYPLDLFEEGSVTNMFTSIVGNVFGFKALRALRLEDLRIPPTYSKTFQGPPHGIQVERDKLNKYGRPLLGCTIKPKLGLSAINYGRACYECLRGGLDFTKDDENVNSQPFMRWRDRFVFCAEAIYKSQAETGEIKGHYLNATAGTCEEMIKRAVFARELGVPIVMHDYLTGGFTANTSLAHYCRDNGLLLHIHRAMHAVIDRQKNHGMHFRVLAKALRMSGGDHIHAGTVVGKLEGEREMTLGFVDLLRDDFIEKDRARGIFFTQDWVSMPGVIPVASGGIHVWHMPALTEIFGDDSVLQFGGGTLGHPWGNAPGAAANRVALEACVQARNEGRDLAREGNEIIRSACKWSPELAAA
Oryza_glaberrima,14.9,TETKASVGFKAGVKDYKLTYYTPEYETKDTDILAAFRVTPQPGVPPEEAGAAVAAESSTGTWTTVWTDGLTSLDRYKGRCYHIEPVVGEDNQYIAYVAYPLDLFEEGSVTNMFTSIVGNVFGFKALRALRLEDLRIPPTYSKTFQGPPHGIQVERDKLNKYGRPLLGCTIKPKLGLSAKNYGRACYECLRGGLDFTKDDENVNSQPFMRWRDRFVFCAEAIYKSQAETGEIKGHYLNATAGTCEEMIKRAVFARELGVPIVMHDYLTGGFTANTSLAHYCRDNGLLLHIHRAMHAVIDRQKNHGMHFRVLAKALRMSGGDHIHAGTVVGKLEGEREMTLGFVDLLRDDFIEKDRARGIFFTQDWVSMPGVIPVASGGIHVWHMPALTEIFGDDSVLQFGGGTLGHPWGNAPGAAANRVALEACVQARNEGRDLAREGNEIIRSACKWSPELAAA
Oryza_glumipatula,15.2,TETKASVGFKAGVKDYKLTYYTPEYETKDTDILAAFRVTPQPGVPPEEAGAAVAAESSTGTWTTVWTDGLTSLDRYKGRCYHIEPVVGEENQYIAYVAYPLDLFEEGSVTNMFTSIVGNVFGFKALRALRLEDLRIPPTYSKTFQGPPHGIQVERDKLNKYGRPLLGCTIKPKLGLSAKNYGRACYECLRGGLDFTKDDENVNSQPFMRWRDRFVFCAEAIYKSQAETGEIKGHYLNATAGTCEEMIKRAVFARELGVPIVMHDYLTGGFTANTSLAHYCRDNGLLLHIHRAMHAVIDRQKNHGMHFRVLAKALRMSGGDHIHAGTVVGKLEGEREMTLGFVDLLRDDFIEKDRARGIFFTQDWVSMPGVIPVASGGIHVWHMPALTEIFGDDSVLQFGGGTLGHPWGNAPGAAANRVALEACVQARNEGRDLAREGNEIIRAACKWSPELAAA
Oryza_sativa_Indica_Group,7.0,TETKASVGFKAGVKDYKLTYYTPEYETKDTDILAAFRVTPQPGVPPEEAGAAVAAESSTGTWTTVWTDGLTSLDRYKGRCYHIEPVVGEDNQYIAYVAYPLDLFEEGSVTNMFTSIVGNVFGFKALRALRLEDLRIPPTYSKTFQGPPHGIQVERDKLNKYGRPLLGCTIKPKLGLSAKNYGRACYECLRGGLDFTKDDENVNSQPFMRWRDRFVFCAEAIYKSQAETGEIKGHYLNATAGTCEEMIKRAVFARELGVPIVMHDYLTGGFTANTSLAHYCRDNGLLLHIHRAMHAVIDRQKNHGMHFRVLAKALRMSGGDHIHAGTVVGKLEGEREMTLGFVDLLRDDFIEKDRARGIFFTQDWVSMPGVIPVASGGIHVWHMPALTEIFGDDSVLQFGGGTLGHPWGNAPGAAANRVALEACVQARNEGRDLAREGNEIIRSACKWSPELAAA
Oryza_sativa_Japonica_Group,11.8,TETKASVGFKAGVKDYKLTYYTPEYETKDTDILAAFRVTPQPGVPPEEAGAAVAAESSTGTWTTVWTDGLTSLDRYKGRCYHIEPVVGEDNQYIAYVAYPLDLFEEGSVTNMFTSIVGNVFGFKALRALRLEDLRIPPTYSKTFQGPPHGIQVERDKLNKYGRPLLGCTIKPKLGLSAKNYGRACYECLRGGLDFTKDDENVNSQPFMRWRDRFVFCAEAIYKSQAETGEIKGHYLNATAGTCEEMIKRAVFARELGVPIVMHDYLTGGFTANTSLAHYCRDNGLLLHIHRAMHAVIDRQKNHGMHFRVLAKALRMSGGDHIHAGTVVGKLEGEREMTLGFVDLLRDDFIEKDRARGIFFTQDWVSMPGVIPVASGGIHVWHMPALTEIFGDDSVLQFGGGTLGHPWGNAPGAAANRVALEACVQARNEGRDLAREGNEIIRSACKWSPELAAA
Oxybasis_rubra,14.5,TETKASVGFKAGVKDYKLTYYTPEYETLDTDILAAFRVSPQPGVPPEEAGAAVAAESSTGTWTTVWTDGLTNLDRYKGRCYHIEPVAGEENQYICYVAYPLDLFEEGSVTNMFTSIVGNVFGFKALRALRLEDLRIPVAYIKTFQGPPHGIQVERDKLNKYGRPLLGCTIKPKLGLSAKNYGRACYECLRGGLDFTKDDENVNSQPFMRWRDRFLFCAEAIYKAQAETGEIKGHYLNATAATCEEMIKRAVFARELGVPIVMHDYLTGGFTANTSLAHYCRDNGLLLHIHRAMHAVIDRQKNHGMHFRVLAKALRLSGGDHIHSGTVVGKLEGERDITLGFVDLLRDDYTEKDRSRGIYFTQSWVSTPGVLPVASGGIHVWHMPALTEIFGDDSVLQFGGGTLGHPWGNAPGAVANRVALEACVQARNEGRDLATEGNTIIRELQTWSPELAAA
Secale_cereale_x_Triticum_aestivum,15.8,TETKAGVGFKAGVKDYKLTYYTPEYETKDTDILAAFRVSPQPWVPPEEAGAAVAAESSTGTWTTVWTDGLTSLDRYKGRCYHIEPVAGEDSQWICYVAYPLDLFEEGSVTNMFTSIVGNVFGFKALRALRLEDLRIPPTYSKTFQGPPHGIQVERDKLNKYGRPLLGCTIKPKLGLSAKNYGRACYECLRGGLDFTKDDENVNSQPFMRWRDRFVFCAEAIYKSQAETGEIKGHYLNATAGTCEEMIKRAVFARELGVPIVMHDYLTGGFTANTTLAHYCRDNGLLLHIHRAMHAVIDRQKNHGMHFRVLAKALRMSGGDHIHSGTVVGKLEGEREMTLGFVDLLRDDFIEKDRARGIFFTQDWVSMPGVIPVASGGIHVWHMPALTEIFGDDSVLQFGGGTLGHPWGNAPGAAANRVALEACVQARNEGRDLAREGNEIIRAACKWSPELAAA
Steinchisma_laxum,7.7,TETKASVGFKAGVKDYKLTYYTPEYETKDTDILAAFRVTPQPGVPPEEAGAAVAAESSTGTWTTVWTDGLTSLDRYKGRCYHIEPVPGEGDQYICYVAYPLDLFEEGSVTNMFTSIVGNVFGFKALRALRLEDLRIPPTYSKTFQGPPHGIQVERDKLNKYGRPLLGCTIKPKLGLSAKNYGRACYECLRGGLDFTKDDENVNSQPFMRWRDRFVFCAEAIYKSQAETGEIKGHYLNATAGTCEEMIKRAVFARELGVPIVMHDYLTGGFTANTSLAHYCRDNGLLLHIHRAMHAVIDRQKNHGMHFRVLAKALRMSGGDHIHAGTVVGKLEGEREITLGFVDLLRDDFIEKDRSRGIFFTQDWVSMPGVIPVASGGIHVWHMPALTEIFGDDSVLQFGGGTLGHPWGNAPGAAANRVALEACVQARNEGRDLAREGNEIIKAACKWSPELAAA
Triticum_monococcum_subsp._aegilopoides,19.7,TETKAGVGFQAGVKDYKLTYYTPEYETKDTDILAAFRVSPQPGVPPEEAGAAVAAESSTGTWTTVWTDGLTSLDRYKGRCYHIEPVAGEDNQWICYVAYPLDLFEEGSVTNMFTSIVGNVFGFKALRALRLEDLRIPPTYSKTFQGPPHGIQVERDKLNKYGRPLLGCTIKPKLGLSAKNYGRACYECLRGGLDFTKDDENVNSQPFMRWRDRFVFCAEAIYKSQAETGEIKGHYLNATAGTCEEMIKRAVFARELGVPIVMHDYLTGGFTANTTLAHYCRDNGLLLHIHRAMHAVIDRQKNHGMHFRVLAKALRMSGGDHIHSGTVVGKLEGEREMTLGFVDLLRDDFIEKDRARGIFFTQDWVSMPGVIPVASGGIHVWHMPALTEIFGDDSVLQFGGGTLGHPWGNAPGAAANRVALEACVQARNEGRDLAREGNEIIRAACKWSPELAAA
Triticum_dicoccon,16.1,TETKAGVGFKAGVKDYKLTYYTPEYETKDTDILAAFRVSPQPGVPPEEAGAAVAAESSTGTWTTVWTDGLTSLDRYKGRCYHIEPVAGEDSQWICYVAYPLDLFEEGSVTNMFTSIVGNVFGFKALRALRLEDLRIPPTYSKTFQGPPHGIQVERDKLNKYGRPLLGCTIKPKLGLSAKNYGRACYECLRGGLDFTKDDENVNSQPFMRWRDRFVFCAEAIYKSQAETGEIKGHYLNATAGTCEEMIKRAVFARELGVPIVMHDYLTGGFTANTTLAHYCRDNGLLLHIHRAMHAVIDRQKNHGMHFRVLAKALRMSGGDHIHSGTVVGKLEGEREMTLGFVDLLRDDFIEKDRARGIFFTQDWVSMPGVIPVASGGIHVWHMPALTEIFGDDSVLQFGGGTLGHPWGNAPGAAANRVALEACVQARNEGRDLAREGNEIIRAACKWSPELAAA
Calamagrostis_stricta_subsp._inexpansa,18.8,TETKASVGFKAGVKDYKLTYYTPEYETKDTDILAAFRVTPQPGVPPEEAGAAVAAESSTGTWTTVWTDGLTSLDRYKGRCYHIEPVAGEDNQWICYVAYPLDLFEEGSVTNMFTSIVGNVFGFKALRALRLEDLRIPPAYTKTFQGPPHGIQVERDKLNKYGRPLLGCTIKPKLGLSAKNYGRACYECLRGGLDFTKDDENVNSQPFMRWRDRFVFCAEAIYKAQAETGEIKGHYLNATAGTCEEMIKRAVFARELGVPIVMHDYITGGFTANTSLAQYCRDNGLLLHIHRAMHAVIDRQKNHGMHFRVLAKALRMSGGDHIHAGTVVGKLEGEREMTLGFVDLLRDDFIEKDRARGIFFTQDWVSLPGVIPVASGGIHVWHMPALTEIFGDDSVLQFGGGTLGHPWGNAPGAAANRVALEACVQARNEGRDLAREGNEIIRAACKWSPELAAA
