species_Name,Kcat,sequence
Aegilops_biuncialis,3.2,TETKAGVGFQAGVKDYKLTYYTPEYETKDTDILAAFRVSPQPGVPPEEAGAAVAAESSTGTWTTVWTDGLTSLDRYKGRCYHIEPVAGEDNQWICYVAYPLDLFEEGSVTNMFTSIVGNVFGFKALRALRLEDLRIPPTYSKTFQGPPHGIQVERDKLNKYGRPLLGCTIKPKLGLSAKNYGRACYECLRGGLDFTKDDENVNSQPFMRWRDRFVFCAEAIYKSQAETGEIKGHYLNATAGTCEEMIKRAVFARELGVPIVMHDYLTGGFTANTTLAHYCRDNGLLLHIHRAMHAVIDRQKNHGMHFRVLAKALRMSGGDHIHSGTVVGKLEGEREMTLGFVDLLRDDFIEKDRARGIFFTQDWVSMPGVIPVASGGIHVWHMPALTEIFGDDSVLQFGGGTLGHPWGNAPGAAANRVALEACVQARNEGRDLAREGNEIIRAACKWSPELAAA
Aegilops_comosa,2.9,TETKAGVGFQAGVKDYKLTYYTPEYETKDTDILAAFRVSPQPGVPPEEAGAAVAAESSTGTWTTVWTDGLTSLDRYKGRCYHIEPVAGEDNQWICYVAYPLDLFEEGSVTNMFTSIVGNVFGFKALRALRLEDLRIPPTYSKTFQGPPHGIQVERDKLNKYGRPLLGCTIKPKLGLSAKNYGRACYECLRGGLDFTKDDENVNSQPFMRWRDRFVFCAEAIYKSQAETGEIKGHYLNATAGTCEEMIKRAVFARELGVPIVMHDYLTGGFTANTTLAHYCRDNGLLLHIHRAMHAVIDRQKNHGMHFRVLAKALRMSGGDHIHSGTVVGKLEGEREMTLGFVDLLRDDFIEKDRARGIFFTQDWVSMPGVIPVASGGIHVWHMPALTEIFGDDSVLQFGGGTLGHPWGNAPGAAANRVALEACVQARNEGRDLAREGNEIIRAACKWSPELAAA
Aegilops_cylindrica,3.7,TETKAGVGFQAGAKDYKLTYYTPEYETKDTDILAAFRVSPQPGVPPEEAGAAVAAESSTGTWTTVWTDGLTSLDRYKGRCYHIEPVAGEDNQWICYVAYPLDLFEEGSVTNMFTSIVGNVFGFKALRALRLEDLRIPPTYSKTFQGPPHGIQVERDKLNKYGRPLLGCTIKPKLGLSAKNYGRACYECLRGGLDFTKDDENVNSQPFMRWRDRFVFCAEAIYKSQAETGEIKGHYLNATAGTCEEMIKRAVFARELGVPIVMHDYLTGGFTANTTLAHYCRDNGLLLHIHRAMHAVIDRQKNHGMHFRVLAKALRMSGGDHIHSGTVVGKLEGEREMTLGFVDLLRDDFIEKDRARGIFFTQDWVSMPGVIPVASGGIHVWHMPALTEIFGDDSVLQFGGGTLGHPWGNAPGAAANRVALEACVQARNEGRDLAREGNEIIRAACKWSPELAAA
Aegilops_juvenalis,3.3,TETKAGVGFQAGVKDYKLTYYTPEYETKDTDILAAFRVSPQPGVPPEEAGAAVAAESSTGTWTTVWTDGLTSLDRYKGRCYHIEPVAGEDNQWICYVAYPLDLFEEGSVTNMFTSIVGNVFGFKALRALRLEDLRIPPTYSKTFQGPPHGIQVERDKLNKYGRPLLGCTIKPKLGLSAKNYGRACYECLRGGLDFTKDDENVNSQPFMRWRDRFVFCAEAIYKSQAETGEIKGHYLNATAGTCEEMIKRAVFARELGVPIVMHDYLTGGFTANTTLAHYCRDNGLLLHIHRAMHAVIDRQKNHGMHFRVLAKALRMSGGDHIHSGTVVGKLEGEREMTLGFVDLLRDDFIEKDRARGIFFTQDWVSMPGVIPVASGGIHVWHMPALTEIFGDDSVLQFGGGTLGHPWGNAPGAAANRVALEACVQARNEGRDLAREGNEIIRAACKWSPELAAA
Aegilops_speltoides,3.2,TETKAGVGFKAGVKDYKLTYYTPEYETKDTDILAAFRVSPQPGVPPEEAGAAVAAESSTGTWTTVWTDGLTSLDRYKGRCYHIEPVAGEDSQWICYVAYPLDLFEEGSVTNMFTSIVGNVFGFKALRALRLEDLRIPPTYSKTFQGPPHGIQVERDKLNKYGRPLLGCTIKPKLGLSAKNYGRACYECLRGGLDFTKDDENVNSQPFMRWRDRFVFCAEAIYKSQAETGEIKGHYLNATAGTCEEMIKRAVFARELGVPIVMHDYLTGGFTANTTLAHYCRDNGLLLHIHRAMHAVIDRQKNHGMHFRVLAKALRMSGGDHIHSGTVVGKLEGEREMTLGFVDLLRDDFIEKDRARGIFFTQDWVSMPGVIPVASGGIHVWHMPALTEIFGDDSVLQFGGGTLGHPWGNAPGAAANRVALEACVQARNEGRDLAREGNEIIRAACKWSPELAAA
Aegilops_tauschii,2.9,TETKAGVGFQAGVKDYKLTYYTPEYETKDTDILAAFRVSPQPGVPPEEAGAAVAAESSTGTWTTVWTDGLTSLDRYKGRCYHIEPVAGEDNQWICYVAYPLDLFEEGSVTNMFTSIVGNVFGFKALRALRLEDLRIPPTYSKTFQGPPHGIQVERDKLNKYGRPLLGCTIKPKLGLSAKNYGRACYECLRGGLDFTKDDENVNSQPFMRWRDRFVFCAEAIYKSQAETGEIKGHYLNATAGTCEEMIKRAVFARELGVPIVMHDYLTGGFTANTTLAHYCRDNGLLLHIHRAMHAVIDRQKNHGMHFRVLAKALRMSGGDHIHSGTVVGKLEGEREMTLGFVDLLRDDFIEKDRARGIFFTQDWVSMPGVIPVASGGIHVWHMPALTEIFGDDSVLQFGGGTLGHPWGNAPGAAANRVALEACVQARNEGRDLAREGNEIIRAACKWSPELAAA
Aegilops_triuncialis,2.6,TETKAGVGFQAGVKDYKLTYYTPEYETKDTDILAAFRVSPQPGVPPEEAGAAVAAESSTGTWTTVWTDGLTSLDRYKGRCYHIEPVAGEDNQWICYVAYPLDLFEEGSVTNMFTSIVGNVFGFKALRALRLEDLRIPPTYSKTFQGPPHGIQVERDKLNKYGRPLLGCTIKPKLGLSAKNYGRACYECLRGGLDFTKDDENVNSQPFMRWRDRFVFCAEAIYKSQAETGEIKGHYLNATAGTCEEMIKRAVFARELGVPIVMHDYLTGGFTANTTLAHYCRDNGLLLHIHRAMHAVIDRQKNHGMHFRVLAKALRMSGGDHIHSGTVVGKLEGEREMTLGFVDLLRDDFIEKDRARGIFFTQDWVSMPGVIPVASGGIHVWHMPALTEIFGDDSVLQFGGGTLGHPWGNAPGAAANRVALEACVQARNEGRDLAREGNEIIRAACKWSPELAAA
Aegilops_uniaristata,2.7,TETKAGVGFQAGVKDYKLTYYTPEYETKDTDILAAFRVSPQPGVPPEEAGAAVAAESSTGTWTTVWTDGLTSLDRYKGRCYHIEPVAGEDNQWICYVAYPLDLFEEGSVTNMFTSIVGNVFGFKALRALRLEDLRIPPTYSKTFQGPPHGIQVERDKLNKYGRPLLGCTIKPKLGLSAKNYGRACYECLRGGLDFTKDDENVNSQPFMRWRDRFVFCAEAIYKSQAETGEIKGHYLNATAGTCEEMIKRAVFARELGVPIVMHDYLTGGFTANTTLAHYCRDNGLLLHIHRAMHAVIDRQKNHGMHFRVLAKALRMSGGDHIHSGTVVGKLEGEREMTLGFVDLLRDDFIEKDRARGIFFTQDWVSMPGVIPVASGGIHVWHMPALTEIFGDDSVLQFGGGTLGHPWGNAPGAAANRVALEACVQARNEGRDLAREGNEIIRAACKWSPELAAA
Aegilops_vavilovii,3.3,TETKAGVGFQAGVKDYKLTYYTPEYETKDTDILAAFRVSPQPGVPPEEAGAAVAAESSTGTWTTVWTDGLTSLDRYKGRCYHIEPVAGEDNQWICYVAYPLDLFEEGSVTNMFTSIVGNVFGFKALRALRLEDLRIPPTYSKTFQGPPHGIQVERDKLNKYGRPLLGCTIKPKLGLSAKNYGRACYECLRGGLDFTKDDENVNSQPFMRWRDRFVFCAEAIYKSQAETGEIKGHYLNATAGTCEEMIKRAVFARELGVPIVMHDYLTGGFTANTTLAHYCRDNGLLLHIHRAMHAVIDRQKNHGMHFRVLAKALRMSGGDHIHSGTVVGKLEGEREMTLGFVDLLRDDFIEKDRARGIFFTQDWVSMPGVIPVASGGIHVWHMPALTEIFGDDSVLQFGGGTLGHPWGNAPGAAANRVALEACVQARNEGRDLAREGNEIIRAACKWSPELAAA
Agriophyllum_squarrosum,2.8,TETKASVGFKAGVKDYKLTYYTPEYETQDTDILAAFRVSPQPGVPPEEAGAAVAAESSTGTWTTVWTDGLTSLDRYKGRCYHIEPVAGEENQYICYVAYPLDLFEEGSVTNMFTSIVGNVFGFKALRALRLEDLRIPVAYIKTFQGPPHGIQVERDKLNKYGRPLLGCTIKPKLGLSAKNYGRAVYECLRGGLDFTKDDENVNSQPFMRWRDRFLFCAEALYKAQTETGEIKGHYLNATAGTCEEMIKRAVFARELGVPIVMHDYLTGGFTANTSLAHYCRDNGLLLHIHRAMHAVIDRQKNHGMHFRVLAKALRLSGGDHIHSGTVVGKLEGERDITLGFVDLLRDDYTEKDRSRGIYFTQSWVSTPGVLPVASGGIHVWHMPALTEIFGDDSVLQFGGGTLGHPWGNAPGAVANRVALEACVQARNEGRDLATEGNAIIREASKWSPELAAA
Agrostis_scabra,3.6,TETKASVGFKAGVKDYKLTYYTPEYETKDTDILAAFRVTPQPGVPPEEAGAAVAAESSTGTWTTVWTDGLTSLDRYKGRCYHIEPVAGEDNQWICYVAYPLDLFEEGSVTNMFTSIVGNVFGFKALRALRLEDLRIPPAYTKTFQGPPHGIQVERDKLNKYGRPLLGCTIKPKLGLSAKNYGRACYECLRGGLDFTKDDENVNSQPFMRWRDRFVFCAEAIYKAQAETGEIKGHYLNATAGTCEEMIKRAVFARELGVPIVMHDYITGGFTANTSLAHYCRDNGLLLHIHRAMHAVIDRQKNHGMHFRVLAKALRMSGGDHIHAGTVVGKLEGEREMTLGFVDLLRDDFIEKDRARGIFFTQDWVSMPGVIPVASGGIHVWHMPALTEIFGDDSVLQFGGGTLGHPWGNAPGAAANRVALEACVQARNEGRDLAREGNEIIRAACKWSPELAAA
Agrostis_stolonifera,5.2,TETKASVGFKAGVKDYKLTYYTPEYETKDTDILAAFRVSPQPGVPPEEAGAAVAAESSTGTWTTVWTDGLTSLDRYKGRCYHIEPVAGEDSQWICYVAYPLDLFEEGSVTNMFTSIVGNVFGFKALRALRLEDLRIPPAYTKTFQGPPHGIQVERDKLNKYGRPLLGCTIKPKLGLSAKNYGRACYECLRGGLDFTKDDENVNSQPFMRWRDRFVFCAEAIYKAQAETGEIKGHYLNATAGTCEEMIKRAVFARELGVPIVMHDYITGGFTANTSLAHYCRDNGLLLHIHRAMHAVIDRQKNHGMHFRVLAKALRMSGGDHIHAGTVVGKLEGEREMTLGFVDLLRDDFIEKDRARGIFFTQDWVSMPGVIPVASGGIHVWHMPALTEIFGDDSVLQFGGGTLGHPWGNAPGAAANRVALEACVQARNEGRDLAREGNEIIRAACKWSPELAAA
Arabidopsis_thaliana,4.1,TETKASVGFKAGVKDYKLTYYTPDYETKDTDILAAFRVTPQPGVPPEEAGAAVAAESSTGTWTTVWTDGLTSLDRYKGRCYHIEPVAGEESQFIAYVAYPLDLFEEGSVTNMFTSIVGNVFGFKALRALRLEDLRIPTSYVKTFQGPPHGIQVERDKLNKYGRPLLGCTIKPKLGLSAKNYGRAVYECLRGGLDFTKDDENVNSQPFMRWRDRFLFCAEAIYKAQAETGEIKGHYLNATAGTCEEMIKRAVFARELGAPIVMHDYLTGGFTANTSLAHYCRDNGLLLHIHRAMHAVIDRQKNHGMHFRVLAKALRLSGGDHIHAGTVVGKLEGEREITLGFVDLLRDDFIEKDRSRGIYFTQDWVSLPGVLPVASGGIHVWHMPALTEIFGDDSVLQFGGGTIGHPWGNAPGAVANRVALEACVQARNEGRDLAREGNQIIREASKWSPELAAA
Arctagrostis_latifolia,5.8,TETKASVGFKAGVKDYKLTYYTPEYETKDTDILAAFRVTPQPGVPPEEAGAAVAAESSTGTWTTVWTDGLTSLDRYKGRCYHIEPVAGEDNQWICYVAYPLDLFEEGSVTNMFTSIVGNVFGFKALRALRLEDLRIPVAYTKTFQGPPHGIQVERDKLNKYGRPLLGCTIKPKLGLSAKNYGRACYECLRGGLDFTKDDENVNSQPFMRWRDRFVFCAEAIYKAQAETGEIKGHYLNATAGTCEEMIKRAVFARELGVPIVMHDYITGGFTANTTLSHYCRDNGLLLHIHRAMHAVIDRQKNHGMHFRVLAKALRMSGGDHIHSGTVVGKLEGEREMTLGFVDLLRDDFIEKDRARGIFFTQDWVSLPGVIPVASGGIHVWHMPALTEIFGDDSVLQFGGGTLGHPWGNAPGAAANRVALEACVQARNEGRDLAREGNEIIRAACKWSPELAAA
Artemisia_myriantha,3.1,TETKSSVGFKAGVKDYKLTYYTPEYETKDTDILAAFRVTPQPGVPPEEAGAAVAAESSTGTWTTVWTDGLTSLDRYKGRCYGIEPVPGEENQYICYVAYPLDLFEEGSVTNMFTSIVGNVFGFKALRALRLEDLRIPTAYVKTFQGPPHGIQVERDKLNKYGRPLLGCTIKPKLGLSAKNYGRAVYECLRGGLDFTKDDENVNSQPFMRWRDRFLFCAEAIFKSQAETGEIKGHYLNATAGTCEDMMKRAVFARELGVPIVMHDYLTGGFTANTTLAHYCRDNGLLLHIHRAMHAVIDRQKNHGMHFRVLAKALRMSGGDHIHAGTVVGKLEGEREITLGFVDLLRDDFIEKDRSRGIYFTQDWVSLPGVLPVASGGIHVWHMPALTEIFGDDSVLQFGGGTLGHPWGNAPGAVANRVALEACVQARNEGRDLATEGNEIIREATKWSPELAAA
Artemisia_vulgaris,3.9,TETKASVGFKAGVKDYKLTYYTPEYETKDTDILAAFRVTPQPGVPPEEAGAAVAAESSTGTWTTVWTDGLTSLDRYKGRCYGIEPVPGEENQYICYVAYPLDLFEEGSVTNMFTSIVGNVFGFKALRALRLEDLRIPTAYVKTFQGPPHGIQVERDKLNKYGRPLLGCTIKPKLGLSAKNYGRAVYECLRGGLDFTKDDENVNSQPFMRWRDRFLFCAEAIFKSQAETGEIKGHYLNATAGTCEDMMKRAVFARELGVPIVMHDYLTGGFTANTTLAHYCRDNGLLLHIHRAMHAVIDRQKNHGMHFRVLAKALRMSGGDHIHAGTVVGKLEGEREITLGFVDLLRDDFIEKDRSRGIYFTQDWVSLPGVLPVASGGIHVWHMPALTEIFGDDSVLQFGGGTLGHPWGNAPGAVANRVALEACVQARNEGRDLATEGNEIIREATKWSPELAAA
Avena_sativa,2.3,TETKASVGFQAGVKDYKLTYYTPEYETKDTDILAAFRVTPQPGVPPEEAGAAVAAESSTGTWTTVWTDGLTSLDRYKGRCYHIEPVAGEDNQWICYVAYPLDLFEEGSVTNMFTSIVGNVFGFKALRALRLEDLRIPPAYTKTFQGPPHGIQVERDKLNKYGRPLLGCTIKPKLGLSAKNYGRACYECLRGGLDFTKDDENVNSQPFMRWRDRFVFCAEAIYKAQAETGEIKGHYLNATAGTCEEMIKRAVFARELGVPIVMHDYITGGFTANTSLAHYCRDNGLLLHIHRAMHAVIDRQKNHGMHFRVLAKALRMSGGDHIHSGTVVGKLEGEREMTLGFVDLLRDDFIEKDRARGIFFTQDWVSMPGVIPVASGGIHVWHMPALTEIFGDDSVLQFGGGTLGHPWGNAPGAAANRVALEACVQARNEGRDLAREGNEIIREACKWSPELAAA
Beta_vulgaris,2.0,TETKASVGFKAGVKDYKLTYYTPEYETLDTDILAAFRVSPQPGVPPEEAGAAVAAESSTGTWTTVWTDGLTSLDRYKGRCYHIEPVAGEENQYICYVAYPLDLFEEGSVTNMFTSIVGNVFGFKALRALRLEDLRIPVAYVKTFQGPPHGIQVERDKLNKYGRPLLGCTIKPKLGLSAKNYGRAVYECLRGGLDFTKDDENVNSQPFMRWRDRFLFCAEALYKAQAETGEIKGHYLNATAGTCEEMIKRAVFARELGVPIVMHDYLTGGFTANTTLAHYCRDNGLLLHIHRAMHAVIDRQKNHGMHFRVLAKALRLSGGDHIHSGTVVGKLEGERDITLGFVDLLRDDYTEKDRSRGIYFTQSWVSTPGVLPVASGGIHVWHMPALTEIFGDDSVLQFGGGTLGHPWGNAPGAVANRVALEACVQARNEGRNLATEGNAIIREASKWSPELAAA
Brassica_oleracea,2.1,TETKASVGFKAGVKEYKLNYYTPEYETKDTDILAAFRVTPQPGVPPEEAGAAVAAESSTGTWTTVWTDGLTSLDRYKGRCYHIEPVPGEETQFIAYVAYPLDLFEEGSVTNMFTSIVGNVFGFKALAALRLEDLRIPPAYTKTFQGPPHGIQVERDKLNKYGRPLLGCTIKPKLGLSAKNYGRAVYECLRGGLDFTKDDENVNSQPFMRWRDRFLFCAEAIYKSQAETGEIKGHYLNATAGTCEEMMKRAIFARELGVPIVMHDYLTGGFTANTSLAHYCRDNGLLLHIHRAMHAVIDRQKNHGMHFRVLAKALRLSGGDHVHAGTVVGKLEGDRESTLGFVDLLRDDYVEKDRSRGIFFTQDWVSLPGVLPVASGGIHVWHMPALTEIFGDDSVLQFGGGTLGHPWGNAPGAVANRVALEACVQARNEGRDLAVEGNEIIREACKWSPELAAA
Bromus_anomalus,2.9,TETKASVGFKAGVKDYKLTYYTPEYETKDTDILAAFRVSPQPGVPPEEAGAAVAAESSTGTWTTVWTDGLTSLDRYKGRCYHIEPVAGEDNQWICYVAYPLDLFEEGSVTNMFTSIVGNVFGFKALRALRLEDLRIPPTYSKTFQGPPHGIQVERDKLNKYGRPLLGCTIKPKLGLSAKNYGRACYECLRGGLDFTKDDENVNSQPFMRWRDRFVFCAEAIYKSQAETGEIKGHYLNATAGTCEEMIKRAVFARELGVPIVMHDYLTGGFTANTTLAHYCRDNGLLLHIHRAMHAVIDRQKNHGMHFRVLAKALRMSGGDHIHSGTVVGKLEGEREMTLGFVDLLRDDFIEKDRARGIFFTQDWVSMPGVIPVASGGIHVWHMPALTEIFGDDSVLQFGGGTLGHPWGNAPGAAANRVALEACVQARNEGRDLAREGNEIIRAACKWSPELAAA
Calamagrostis_canescens,2.5,TETKASVGFKAGVKDYKLTYYTPEYETKDTDILAAFRVSPQPGVPPEEAGAAVAAESSTGTWTTVWTDGLTSLDRYKGRCYHIEPVAGEDNQWICYVAYPLDLFEEGSVTNMFTSIVGNVFGFKALRALRLEDLRIPPAYTKTFQGPPHGIQVERDKLNKYGRPLLGCTIKPKLGLSAKNYGRACYECLRGGLDFTKDDENVNSQPFMRWRDRFVFCAEAIYKAQAETGEIKGHYLNATAGTCEEMIKRAVFARELGVPIVMHDYITGGFTANTSLAHYCRDNGLLLHIHRAMHAVIDRQKNHGMHFRVLAKALRMSGGDHIHAGTVVGKLEGEREMTLGFVDLLRDDFIEKDRARGIFFTQDWVSMPGVIPVASGGIHVWHMPALTEIFGDDSVLQFGGGTLGHPWGNAPGAAANRVALEACVQARNEGRDLAREGNEIIRAACKWSPELAAA
Calamagrostis_foliosa,3.5,TETKASVGFKAGVKDYKLTYYTPEYETKDTDILAAFRVTPQPGVPPEEAGAAVAAESSTGTWTTVWTDGLTSLDRYKGRCYHIEPVAGEDNQWICYVAYPLDLFEEGSVTNMFTSIVGNVFGFKALRALRLEDLRIPPAYTKTFQGPPHGIQVERDKLNKYGRPLLGCTIKPKLGLSAKNYGRACYECLRGGLDFTKDDENVNSQPFMRWRDRFVFCAEAIYKAQAETGEIKGHYLNATAGTCEEMIKRAVFARELGVPIVMHDYITGGFTANTSLAHYCRDNGLLLHIHRAMHAVIDRQKNHGMHFRVLAKALRMSGGDHIHAGTVVGKLEGEREMTLGFVDLLRDDFIEKDRARGIFFTQDWVSMPGVIPVASGGIHVWHMPALTEIFGDDSVLQFGGGTLGHPWGNAPGAAANRVALEACVQARNEGRDLAREGNEIIRAACKWSPELAAA
Calamagrostis_nutkaensis,3.1,TETKASVGFKAGVKDYKLTYYTPEYETKDTDILAAFRVSPQPGVPPEEAGAAVAAESSTGTWTTVWTDGLTSLDRYKGRCYHIEPVAGEDNQWICYVAYPLDLFEEGSVTNMFTSIVGNVFGFKALRALRLEDLRIPPAYTKTFQGPPHGIQVERDKLNKYGRPLLGCTIKPKLGLSAKNYGRACYECLRGGLDFTKDDENVNSQPFMRWRDRFVFCAEAIYKAQAETGEIKGHYLNATAGTCEEMIKRAVFARELGVPIVMHDYITGGFTANTSLAHYCRDNGLLLHIHRAMHAVIDRQKNHGMHFRVLAKALRMSGGDHIHAGTVVGKLEGEREMTLGFVDLLRDDFIEKDRARGIFFTQDWVSMPGVIPVASGGIHVWHMPALTEIFGDDSVLQFGGGTLGHPWGNAPGAAANRVALEACVQARNEGRDLAREGNEIIRAACKWSPELAAA
Capsicum_annuum,1.9,TETKASVGFKAGVKEYKLTYYTPEYQTKDTDILAAFRVTPQPGVPPEEAGAAVAAESSTGTWTTVWTDGLTSLDRYKGRCYRIERVVGEKDQYIAYVAYPLDLFEEGSVTNMFTSIVGNVFGFKALRALRLEDLRIPTAYIKTFQGPPHGIQVERDKLNKYGRPLLGCTIKPKLGLSAKNYGRAVYECLRGGLDFTKDDENVNSQPFMRWRDRFLFCTEALFKAQTETGEIKGHYLNATAGTCEEMMKRAVFARELGAPIVMHDYLTGGFTANTSLAHYCRDNGLLLHIHRAMHAVIDRQKNHGMHFRVLAKGLRMSGGDHIHAGTVVGKLEGERDITLGFVDLLRDDFVEQDRSRGIYFTQDWVSLPGVLPVASGGIHVWHMPALTEIFGDDSVLQFGGGTLGHPWGNAPGAVANRVALEACVKARNEGRDLAREGNEIIREASKWSPELAAA
Chenopodium_album,2.9,TETKASVGFKAGVKDYKLTYYTPEYETQDTDILAAFRVSPQPGVPPEEAGAAVAAESSTGTWTTVWTDGLTSLDRYKGRCYHIEPVAGEENQYICYVAYPLDLFEEGSVTNMFTSIVGNVFGFKALRALRLEDLRIPVAYIKTFQGPPHGIQVERDKLNKYGRPLLGCTIKPKLGLSAKNYGRACYECLRGGLDFTKDDENVNSQPFMRWRDRFLFCAEAIYKAQAETGEIKGHYLNATAATCEEMIKRAVFARELGAPIVMHDYLTGGFTANTSLAHYCRDNGLLLHIHRAMHAVIDRQKNHGMHFRVLAKALRLSGGDHIHSGTVVGKLEGERDITLGFVDLLRDDYTEKDRSRGIYFTQSWVSTPGVLPVASGGIHVWHMPALTEIFGDDSVLQFGGGTLGHPWGNAPGAVANRVALEACVQARNEGRDLAREGNTIIREASKWSPELAAA
Citrullus_ecirrhosus,3.1,TETKASVGFKAGVKDYKLTYYTPEYETKDTDILAAFRVTPQPGVPPEEAGAAVAAESSTGTWTTVWTDGLTSLDRYKGRCYGIEPVPGEENQYIAYVAYPLDLFEEGSVTNMFTSIVGNVFGFKALRALRLEDLRIPTAYIKTFQGPPHGIQVERDKLNKYGRPLLGCTIKPKLGLSAKNYGRAVYECLRGGLDFTKDDENVNSQPFMRWRDRFLFCAEAIYKSQAETGEIKGHYLNATAGTCEEMMKRAVFARELGVPIVMHDYLTGGFTANTSLAHYCRDNGLLLHIHRAMHAVIDRQKNHGMHFRVLAKALRMSGGDHIHAGTVVGKLEGEREITLGFVDLLRDDFIEKDRSRGIYFTQDWVSLPGVLPVASGGIHVWHMPALTEIFGDDSVLQFGGGTLGHPWGNAPGAVANRVALEACVQARNEGRDLAREGNEIIREASKWSPELAAA
Crithmum_maritimum,3.4,TETKAGVGFKAGVKDYKLTYYTPDYETKDTDILAAFRVTPQPGVPPEEAGAAVAAESSTGTWTTVWTDGLTSLDRYKGRCYEIEPVAGEENQYIAYVAYPLDLFEEGSVTNMFTSIVGNVFGFKALRALRLEDLRIPVSYVKTFQGPPHGIQVERDKLNKYGRPLLGCTIKPKLGLSAKNYGRAVYECLRGGLDFTKDDENVNSQPFMRWRDRFLFCAEAIYKAQAETGEIKGHYLNATAGTCEEMMKRAIFARELGVPIVMHDYLTGGFTANTSLAHYCRDNGLLLHIHRAMHAVIDRQKNHGIHFRVLAKALRMSGGDHIHSGTVVGKLEGERDITLGFVDLLRDDFIEKDRSRGIYFTQDWVSLPGVLPVASGGIHVWHMPALTEIFGDDSVLQFGGGTLGHPWGNAPGAVANRVALEACVQARNEGRDLASEGNEIIREATKWSPELAAA
Cucurbita_maxima,2.2,TETKASVGFKAGVKDYKLTYYTPEYETKDTDILAAFRVTPQPGVPPEEAGAAVAAESSTGTWTTVWTDGLTSLDRYKGRCYGIEPVPGEENQYIAYVAYPLDLFEEGSVTNMFTSIVGNVFGFKALRALRLEDLRIPTAYIKTFQGPPHGIQVERDKLNKYGRPLLGCTIKPKLGLSAKNYGRAVYECLRGGLDFTKDDENVNSQPFMRWRDRFLFCAEAIYKSQAETGEIKGHYLNATAGTCEEMMKRAIFARELGVPIVMHDYLTGGFTANTSLAHYCRDNGLLLHIHRAMHAVIDRQKNHGMHFRVLAKALRLSGGDHIHAGTVVGKLEGERDITLGFVDLLRDDFVEKDRSRGIYFTQDWVSLPGVLPVASGGIHVWHMPALTEIFGDDSVLQFGGGTLGHPWGNAPGAVANRVALEACVQARNEGRDLAREGNEIIREASKWSPELAAA
Deschampsia_danthonioides,4.5,TETKASVGFKAGVKDYKLTYYTPEYETKDTDILAAFRVTPQPGVPPEEAGAAVAAESSTGTWTTVWTDGLTSLDRYKGRCYHIEPVAGEDNQWICYVAYPLDLFEEGSVTNMFTSIVGNVFGFKALRALRLEDLRIPPAYAKTFQGPPHGIQVERDKLNKYGRPLLGCTIKPKLGLSAKNYGRACYECLRGGLDFTKDDENVNSQPFMRWRDRFVFCAEAIYKAQAETGEIKGHYLNATAGTCEEMIKRAVFARELGVPIVMHDYITGGFTANTSLAHYCRDNGLLLHIHRAMHAVIDRQKNHGMHFRVLAKALRMSGGDHIHAGTVVGKLEGEREMTLGFVDLLRDDFIEKDRARGIFFTQDWVSMPGVIPVASGGIHVWHMPALTEIFGDDSVLQFGGGTLGHPWGNAPGAAANRVALEACVQARNEGRDLAREGNEIIRAACKWSPELAAA
Desmodium_cinereum,3.0,TETKSSVGFKAGVKDYKLTYYTPEYETKDTDILAAFRVTPQPGVPPEEAGAAVAAESSTGTWTTVWTDGLTSLDRYKGRCYGIEPVAGEENQYIAYVAYPLDLFEEGSVTNMFTSIVGNVFGFKALRALRLEDLRIPNSYIKTFQGPPHGIQVERDKLNKYGRPLLGCTIKPKLGLSAKNYGRAVYECLRGGLDFTKDDENVNSQPFMRWRDRFLFCAEAIFKAQAETGEIKGHYLNATAGTCEEMIKRAVFARELGAPIVMHDYLTGGFTANTSLAHYCRDNGLLLHIHRAMHAVIDRQKNHGMHFRVLAKALRLSGGDHIHAGTVVGKLEGEREITLGFVDLLRDDFVEKDRSRGIYFTQDWVSLPGVLPVASGGIHVWHMPALTEIFGDDSVLQFGGGTLGHPWGNAPGAVANRVALEACVQARNEGRDLAREGNEIIREAAKWSPELAAA
Desmodium_intortum,3.3,TESKASVGFKAGVKDYKLTYYTPEYETKDTDILAAFRVTPQPGVPPEEAGAAVAAESSTGTWTTVWTDGLTSLDRYKGRCYGIEPVAGEENQYIAYVAYPLDLFEEGSVTNMFTSIVGNVFGFKALRALRLEDLRIPNAYIKTFQGPPHGIQVERDKLNKYGRPLLGCTIKPKLGLSAKNYGRAVYECLRGGLDFTKDDENVNSQPFMRWRDRFLFCAEALFKAQAETGEIKGHYLNATAGTCEEMIKRAVFARELGAPIVMHDYLTGGFTANTSLAHYCRDNGLLLHIHRAMHAVIDRQKNHGMHFRVLAKALRLSGGDHIHAGTVVGKLEGEREITLGFVDLLRDDFVEKDRSRGIYFTQDWVSLPGVLPVASGGIHVWHMPALTEIFGDDSVLQFGGGTLGHPWGNAPGAVANRVALEACVQARNEGRDLAREGNEIIREAAKWSPELAAA
Erythrina_flabelliformis,3.6,TETKASVGFKAGVKDYKLTYYTPEYETKDTDILAAFRVTPQPGVPPEEAGAAVAAESSTGTWTTVWTDGLTSLDRYKGRCYHIEPVAGEENQFIAYVAYPLDLFEEGSVTNMFTSIVGNVFGFKALRALRLEDLRIPTAYVKTFQGPPHGIQVERDKLNKYGRPLLGCTIKPKLGLSAKNYGRAVYECLRGGLDFTKDDENVNSQPFMRWRDRFLFCAEALYKAQAETGEIKGHYLNATAGTCEEMMKRAVFARELGVPIVMHDYLTGGFTANTSLAHYCRDNGLLLHIHRAMHAVIDRQKNHGMHFRVLAKALRLSGGDHVHSGTVVGKLEGEREITLGFVDLIRDDLIEKDRSRGIYFTQDWVSLPGVLPVASGGIHVWHMPALTEIFGDDSVLQFGGGTLGHPWGNAPGAVANRVALEACVQARNEGRDLAREGNEIIREASKWSPELAAA
Euphorbia_helioscopia,1.9,TETKASVGFKAGVKDYKLTYYTPEYETKDTDILAAFRVTPQPGVPPEEAGAAVAAESSTGTWTTVWTDGLTSLDRYKGRCYHIEPVPGEETQFIAYVAYPLDLFEEGSVTNMFTSIVGNVFGFKALRALRLEDLRIPPAYTKTFQGPPHGIQVERDKLNKYGRPLLGCTIKPKLGLSAKNYGRAVYECLRGGLDFTKDDENVNSQPFMRWRDRFLFCAEAIFKSQAETGEIKGHYLNATAGTCEEMIKRAVFARELGVPIVMHDYLTGGFTANTTLAHYCRDNGLLLHIHRAMHAVIDRQKNHGIHFRVLAKALRMSGGDHIHAGTVVGKLEGEREITLGFVDLLRDDFVEKDRSRGIYFTQDWVSLPGVLPVASGGIHVWHMPALTEIFGDDSVLQFGGGTLGHPWGNAPGAVANRVALEACVQARNEGRDLAREGNEIIREAGKWSPELAAA
Festuca_pratensis,5.1,TETKASVGFQAGVKDYKLTYYTPEYETKDTDILAAFRVTPQPGVPPEEAGAAVAAESSTGTWTTVWTDGLTSLDRYKGRCYHIEPVAGEDNQWICYVAYPLDLFEEGSVTNMFTSIVGNVFGFKALRALRLEDLRIPVAYSKTFQGPPHGIQVERDKLNKYGRPLLGCTIKPKLGLSAKNYGRACYECLRGGLDFTKDDENVNSQPFMRWRDRFVFCAEALYKAQAETGEIKGHYLNATAGTCEEMIKRAVFARELGVPIVMHDYITGGFTANTSLAHYCRDNGLLLHIHRAMHAVIDRQKNHGMHFRVLAKALRMSGGDHIHSGTVVGKLEGEREMTLGFVDLLRDDFIEKDRARGIFFTQDWASMPGVIPVASGGIHVWHMPALTEIFGDDSVLQFGGGTLGHPWGNAPGAAANRVALEACVQARNEGRDLAREGNEIIRAACKWSPELAAA
Flaveria_cronquistii,3.1,TETKASVGFKAGVKDYKLTYYTPEYETKDTDILAAFRVTPQPGVPPEEAGAAVAAESSTGTWTTVWTDGLTSLDRYKGRCYGIEPVPGEDNQYIAYVAYPLDLFEEGSVTNMFTSIVGNVFGFKALRALRLEDLRIPTAYVKTFDGPPHGIQVERDKLNKYGRPLLGCTIKPKLGLSAKNYGRACYECLRGGLDFTKDDENVNSQPFMRWRDRFLFCAEAIYKAQAETGEIKGHYLNATAGTCEEMLKRAVFARELGVPIIMHDYLTGGFTANTSLSHYCRDNGLLLHIHRAMHAVIDRQKNHGMHFRVLAKALRMSGGDHIHSGTVVGKLEGEREITLGFVDLLRDDFIEKDRSRGIYFTQDWVSLPGVLPVASGGIHVWHMPALTEIFGDDSVLQFGGGTLGHPWGNAPGAVANRVALEACVQARNEGRDLATEGNEIIREATKWSPELAAA
Flaveria_pringlei,3.1,TETKASVGFKAGVKDYKLTYYTPEYETKDTDILAAFRVTPQPGVPPEEAGAAVAAESSTGTWTTVWTDGLTSLDRYKGRCYGIEPVPGEDNQYIAYVAYPLDLFEEGSVTNMFTSIVGNVFGFKALRALRLEDLRIPTAYVKTFEGPPHGIQVERDKLNKYGRPLLGCTIKPKLGLSAKNYGRACYECLRGGLDFTKDDENVNSQPFMRWRDRFLFCAEAIYKAQAETGEIKGHYLNATAGTCEEMLKRAVFARELGVPIVMHDYLTGGFTANTSLSHYCRDNGLLLHIHRAMHAVIDRQKNHGMHFRVLAKALRMSGGDHIHSGTVVGKLEGEREITLGFVDLLRDDFIEKDRSRGIYFTQDWVSLPGVLPVASGGIHVWHMPALTEIFGDDSVLQFGGGTLGHPWGNAPGAVANRVALEACVQARNEGRDLATEGNEIIREATKWSPELAAA
Flueggea_suffruticosa,3.4,TETKASVGFKAGVKEYKLTYYTPDYETKDTDILAAFRVTPQPGVPPEEAGAAVAAESSTGTWTTVWTDGLTSLDRYKGRCYHIEPVAGEENQFIAYVAYPLDLFEEGSVTNMFTSIVGNVFGFKALRALRLEDLRIPPSYTKTFQGPPHGIQVERDKLNKYGRPLLGCTIKPKLGLSAKNYGRAVYECLRGGLDFTKDDENVNSQPFMRWRDRFLFCAEAIYKAQAETGEIKGHYLNATAGTCEEMIKRAVFARELGVPIVMHDYLTGGFTANTSLAHYCRDNGLLLHIHRAMHAVIDRQKNHGIHFRVLAKALRMSGGDHIHSGTVVGKLEGEREITLGFVDLLRDDFIEKDRSRGIYFTQDWVSLPGVLPVASGGIHVWHMPALTEIFGDDSVLQFGGGTLGHPWGNAPGAVANRVALEACVKARNEGRDLAREGNEIIREASKWSPELAAA
Glycine_canescens,2.6,TETKASVGFKAGVKDYKLTYYTPDYETKDTDILAAFRVTPQPGVPPEEAGAAVAAESSTGTWTTVWTDGLTSLDRYKGRCYGLEPVAGEENQYIAYVAYPLDLFEEGSVTNMFTSIVGNVFGFKALRALRLEDLRIPTAYVKTFQGPPHGIQVERDKLNKYGRPLLGCTIKPKLGLSAKNYGRAVYECLRGGLDFTKDDENVNSQPFMRWRDRFLFCAEAIFKSQAETGEIKGHYLNATAGTCEEMMKRAVFARELGAPIIMHDYLTGGFTANTSLAHYCRDNGLLLHIHRAMHAVIDRQKNHGMHFRVLAKALRLSGGDHVHAGTVVGKLEGEREITLGFVDLLRDDFIEKDRSRGIYFTQDWVSLPGVIPVASGGIHVWHMPALTEIFGDDSVLQFGGGTLGHPWGNAPGAVANRVAVEACVKARNEGRDLAREGNDIIREASKWSPELAAA
Glycine_max,1.5,TETKASVGFKAGVKDYKLTYYTPDYETKDTDILAAFRVTPQPGVPPEEAGAAVAAESSTGTWTTVWTDGLTSLDRYKGRCYGLEPVAGEENQYIAYVAYPLDLFEEGSVTNMFTSIVGNVFGFKALRALRLEDLRIPTAYIKTFQGPPHGIQVERDKLNKYGRPLLGCTIKPKLGLSAKNYGRAVYECLRGGLDFTKDDENVNSQPFMRWRDRFLFCAEAIFKSQAETGEIKGHYLNATAGTCEEMMKRAVFARELGVPIVMHDYLTGGFTANTSLAHYCRDNGLLLHIHRAMHAVIDRQKNHGMHFRVLAKALRLSGGDHVHAGTVVGKLEGEREITLGFVDLLRDDFVEKDRSRGIYFTQDWVSLPGVLPVASGGIHVWHMPALTEIFGDDSVLQFGGGTLGHPWGNAPGAVANRVALEACVQARNEGRDLAREGNEIIREASKWSPELAAA
Hordeum_brachyantherum,2.9,TETKAGVGFQAGVKDYKLTYYTPEYETKDTDILAAFRVSPQPGVPPEEAGAAVAAESSTGTWTTVWTDGLTSLDRYKGRCYHIEPVAGEDNQWICYVAYPLDLFEEGSVTNMFTSIVGNVFGFKALRALRLEDLRIPPTYSKTFQGPPHGIQVERDKLNKYGRPLLGCTIKPKLGLSAKNYGRACYECLRGGLDFTKDDENVNSQPFMRWRDRFVFCAEAIYKSQAETGEIKGHYLNATAGTCEEMIKRAVFARELGVPIVMHDYLTGGFTANTTLAHYCRDNGLLLHIHRAMHAVIDRQKNHGMHFRVLAKALRMSGGDHIHSGTVVGKLEGEREMTLGFVDLLRDDFIEKDRARGIFFTQDWVSMPGVIPVASGGIHVWHMPALTEIFGDDSVLQFGGGTLGHPWGNAPGAAANRVALEACVQARNEGRDLAREGNEIIRAACKWSPELAAA
Hordeum_murinum,4.2,TETKAGVGFKAGVKDYKLTYYTPEYETKDTDILAAFRVSPQPGVPPEEAGAAVAAESSTGTWTTVWTDGLTSLDRYKGRCYHIEPVPGEDSQWICYVAYPLDLFEEGSVTNMFTSIVGNVFGFKALRALRLEDLRIPPTYSKTFQGPPHGIQVERDKLNKYGRPLLGCTIKPKLGLSAKNYGRACYECLRGGLDFTKDDENVNSQPFMRWRDRFVFCAEAIYKSQAETGEIKGHYLNATAGTCEEMIKRAVFARELGVPIVMHDYLTGGFTANTTLAHYCRDNGLLLHIHRAMHAVIDRQKNHGMHFRVLAKALRMSGGDHIHSGTVVGKLEGEREMTLGFVDLLRDDFIEKDRARGIFFTQDWVSMPGVIPVASGGIHVWHMPALTEIFGDDSVLQFGGGTLGHPWGNAPGAAANRVALEACVQARNEGRDLAREGNEIIRAACKWSPELAAA
Ipomoea_batatas,2.5,TETKASVGFKAGVKDYKLTYYTPEYQTKDTDILAAFRVTPQPGVPPEEAGAAVAAESSTGTWTTVWTDGLTSLDRYKGRCYRIERVIGEKDQYIAYVAYPLDLFEEGSVTNMFTSIVGNVFGFKALRALRLEDLRIPTAYIKTFQGPPHGIQVERDKLNKYGRPLLGCTIKPKLGLSAKNYGRAVYECLRGGLDFTKDDENVNSQPFMRWRDRFLFCAEALYKAQAETGEIKGHYLNATAGTCEEMMKRAIFARELGVPIVMHDYLTGGFTANTSLAHYCRDNGLLLHIHRAMHAVIDRQKNHGMHFRVLAKALRLSGGDHIHAGTVVGKLEGEREITLGFVDLLRDDFVEQDRSRGIYFTQDWVSLPGVLPVASGGIHVWHMPALTEIFGDDSVLQFGGGTLGHPWGNAPGAVANRVALEACVQARNEGRDLAREGNEIIREACKWSPELSAA
Lablab_purpureus,5.3,TETKASVGFKAGVKDYKLTYYTPDYETKDTDILAAFRVTPQPGVPPEEAGAAVAAESSTGTWTTVWTDGLTSLDRYKGRCYHIEPVAGEENQYIAYVAYPLDLFEEGSVTNMFTSIVGNVFGFKALRALRLEDLRIPTSYIKTFQGPPHGIQVERDKLNKYGRPLLGCTIKPKLGLSAKNYGRAVYECLRGGLDFTKDDENVNSQPFMRWRDRFLFCAEAIYKAQAETGEIKGHYLNATAGTCEEMIKRAVFARELGVPIVMHDYLTGGFTANTSLAHYCRDNGLLLHIHRAMHAVIDRQKNHGMHFRVLAKALRLSGGDHVHSGTVVGKLEGEREITLGFVDLLRDDFIEKDRSRGIYFTQDWVSLPGVLPVASGGIHVWHMPALTEIFGDDSVLQFGGGTLGHPWGNAPGAVANRVALEACVQARNEGRDLAREGNEIIREASKWSPELAAA
Lepidium_campestre,3.4,TETKASVGFKAGVKEYKLTYYTPEYETKDTDILAAFRVTPQPGVPPEEAGAAVAAESSTGTWTTVWTDGLTSLDRYKGRCYHIEPVPGEETQFIAYVAYPLDLFEEGSVTNMFTSIVGNVFGFKALAALRLEDLRIPPAYTKTFQGPPHGIQVERDKLNKYGRPLLGCTIKPKLGLSAKNYGRAVYECLRGGLDFTKDDENVNSQPFMRWRDRFLFCAEAIYKSQAETGEIKGHYLNATAGTCEEMIKRAVFARELGVPIVMHDYLTGGFTANTSLAHYCRDNGLLLHIHRAMHAVIDRQKNHGMHFRVLAKALRLSGGDHIHAGTVVGKLEGDRESTLGFVDLLRDDYVEKDRSRGIFFTQDWVSLPGVLPVASGGIHVWHMPALTEIFGDDSVLQFGGGTLGHPWGNAPGAVANRVALEACVQARNEGRDLAVEGNEIIREACKWSPELAAA
Limonium_artruchium,3.0,TETKSFVGFKAGVKDYKLTYYTPEYETLDTDILAAFRVTPQPGVPPEEAGAAVAAESSTGTWTTVWTDGLTNLDRYKGRCYHIEPVAGEESQFIAYVAYPLDLFEEGSVTNMFTSIVGNVFGFKALRALRLEDLRIPPAYSKTFQGPPHGIQVERDKLNKYGRPLLGCTIKPKLGLSAKNYGRAVYECLRGGLDFTKDDENVNSQPFMRWRDRFLFCTEAIYKAQAETGEVKGHYLNATAATSEEMIKRAACARELGVPIVMHDYLTGGFTSNTSLAHYCRDNGLLLHIHRAMHAVIDRQKNHGMHFRVLAKALRMSGGDHIHAGTVVGKLEGEREITLGFVDLLRDDYIEKDRSRGIYFTQDWVSMPGVIPVASGGIHVWHMPALTEIFGDDSVLQFGGGTLGHPWGNAPGAVANRVALEACVQARNEGRDLAREGNEIIRQAATWSPELAAA
Limonium_balearicum,3.6,TETKSFVGFKAGVKDYKLTYYTPEYETLDTDILAAFRVTPQPGVPPEEAGAAVAAESSTGTWTTVWTDGLTNLDRYKGRCYHIEPVAGEENQFIAYVAYPLDLFEEGSVTNMFTSIVGNVFGFKALRALRLEDLRIPPAYSKTFQGPPHGIQVERDKLNKYGRPLLGCTIKPKLGLSAKNYGRAVYECLRGGLDFTKDDENVNSQPFMRWRDRFLFCTEAIYKAQAETGEVKGHYLNATAGTSEEMIKRAACARELGVPIVMHDYLTGGFTSNTSLAHYCRDNGLLLHIHRAMHAVIDRQKNHGIHFRVLAKALRMSGGDHIHSGTVVGKLEGERDITLGFVDLLRDDYIEKDRSRGIYFTQDWVSMPGVIPVASGGIHVWHMPALTEIFGDDSVLQFGGGTLGHPWGNAPGAVANRVALEACVQARNEGRDLAREGNEIIRQAATWSPELAAA
Limonium_barceloi,3.4,TETKSFVGFKAGVKDYKLTYYTPEYETLDTDILAAFRVTPQPGVPPEEAGAAVAAESSTGTWTTVWTDGLTNLDRYKGRCYHIEPVAGEENQFIAYVAYPLDLFEEGSVTNMFTSIVGNVFGFKALRALRLEDLRIPPAYSKTFQGPPHGIQVERDKLNKYGRPLLGCTIKPKLGLSAKNYGRAVYECLRGGLDFTKDDENVNSQPFMRWRDRFLFCTEAIYKAQAETGEVKGHYLNATAGTSEEMIKRAACARELGVPIVMHDYLTGGFTSNTSLAHYCRDNGLLLHIHRAMHAVIDRQKNHGIHFRVLAKALRMSGGDHIHSGTVVGKLEGERDITLGFVDLLRDDYIEKDRSRGIYFTQDWVSMPGVIPVASGGIHVWHMPALTEIFGDDSVLQFGGGTLGHPWGNAPGAVANRVALEACVQARNEGRDLAREGNEIIRQAATWSPELAAA
Limonium_biflorum,2.4,TETKSFVGFKAGVKDYKLTYYTPEYETLDTDILAAFRVTPQPGVPPEEAGAAVAAESSTGTWTTVWTDGLTNLDRYKGRCYHIEPVAGEESQFIAYVAYPLDLFEEGSVTNMFTSIVGNVFGFKALRALRLEDLRIPPAYSKTFQGPPHGIQVERDKLNKYGRPLLGCTIKPKLGLSAKNYGRAVYECLRGGLDFTKDDENVNSQPFMRWRDRFLFCTEAIYKAQAETGEVKGHYLNATAATSEEMIKRAACARELGVPIVMHDYLTGGFTSNTSLAHYCRDNGLLLHIHRAMHAVIDRQKNHGMHFRVLAKALRMSGGDHIHAGTVVGKLEGEREITLGFVDLLRDDYIEKDRSRGIYFTQDWVSMPGVIPVASGGIHVWHMPALTEIFGDDSVLQFGGGTLGHPWGNAPGAVANRVALEACVQARNEGRDLAREGNEIIRQAATWSPELAAA
Limonium_companyonis,3.3,TETKSFVGFKAGVKDYKLTYYTPEYETLDTDILAAFRVTPQPGVPPEEAGAAVAAESSTGTWTTVWTDGLTNLDRYKGRCYHIEPVAGEENQFIAYVAYPLDLFEEGSVTNMFTSIVGNVFGFKALRALRLEDLRIPPAYSKTFQGPPHGIQVERDKLNKYGRPLLGCTIKPKLGLSAKNYGRAVYECLRGGLDFTKDDENVNSQPFMRWRDRFLFCTEAIYKAQAETGEVKGHYLNATAGTSEEMIKRAACARELGVPIVMHDYLTGGFTSNTSLAHYCRDNGLLLHIHRAMHAVIDRQKNHGIHFRVLAKALRMSGGDHIHSGTVVGKLEGERDITLGFVDLLRDDYIEKDRSRGIYFTQDWVSMPGVIPVASGGIHVWHMPALTEIFGDDSVLQFGGGTLGHPWGNAPGAVANRVALEACVQARNEGRDLAREGNEIIRQAATWSPELAAA
Limonium_echioides,3.9,TETKSFVGFKAGVKDYKLTYYTPEYETLDTDILAAFRVTPQPGVPPEEAGAAVAAESSTGTWTTVWTDGLTNLDRYKGRCYHIEPVAGEENQFIAYVAYPLDLFEEGSVTNMFTSIVGNVFGFKALRALRLEDLRIPPAYSKTFQGPPHGIQVERDKLNKYGRPLLGCTIKPKLGLSAKNYGRAVYECLRGGLDFTKDDENVNSQPFMRWRDRFLFCTEAIYKAQAETGEVKGHYLNATAGTSEEMIKRAACARELGVPIVMHDYLTGGFTSNTSLAHYCRDNGLLLHIHRAMHAVIDRQKNHGIHFRVLAKALRMSGGDHIHSGTVVGKLEGERDITLGFVDLLRDDYIEKDRSRGIYFTQDWVSMPGVIPVASGGIHVWHMPALTEIFGDDSVLQFGGGTLGHPWGNAPGAVANRVALEACVQARNEGRDLAREGNEIIRQAATWSPELAAA
Limonium_ejulabilis,2.0,TETKSYVGFKAGVKDYKLTYYTPEYETLDTDILAAFRVTPQPGVPPEEAGAAVAAESSTGTWTTVWTDGLTNLDRYKGRCYHIEPVAGEENQFIAYVAYPLDLFEEGSVTNMFTSIVGNVFGFKALRALRLEDLRIPPAYSKTFQGPPHGIQVERDKLNKYGRPLLGCTIKPKLGLSAKNYGRAVYECLRGGLDFTKDDENVNSQPFMRWRDRFLFCTEAIYKAQAETGEVKGHYLNATAGTSEEMIKRAACARELGVPIVMHDYLTGGFTSNTSLAHYCRDNGLLLHIHRAMHAVIDRQKNHGMHFRVLAKALRMSGGDHIHAGTVVGKLEGEREITLGFVDLLRDDYIEKDRSRGIYFTQDWVSMPGVIPVASGGIHVWHMPALTEIFGDDSVLQFGGGTLGHPWGNAPGAVANRVALEACVQARNEGRDLAREGNEIIRQAATWSPELAAA
Limonium_gibertii,2.5,TETKSFVGFKAGVKDYKLTYYTPEYETLDTDILAAFRVTPQPGVPPEEAGAAVAAESSTGTWTTVWTDGLTNLDRYKGRCYHIEPVAGEESQFIAYVAYPLDLFEEGSVTNMFTSIVGNVFGFKALRALRLEDLRIPPAYSKTFQGPPHGIQVERDKLNKYGRPLLGCTIKPKLGLSAKNYGRAVYECLRGGLDFTKDDENVNSQPFMRWRDRFLFCTEAIYKAQAETGEVKGHYLNATAATSEEMIKRAACARELGVPIVMHDYLTGGFTSNTSLAHYCRDNGLLLHIHRAMHAVIDRQKNHGMHFRVLAKALRMSGGDHIHAGTVVGKLEGEREITLGFVDLLRDDYIEKDRSRGIYFTQDWVSMPGVIPVASGGIHVWHMPALTEIFGDDSVLQFGGGTLGHPWGNAPGAVANRVALEACVQARNEGRDLAREGNEIIRQAATWSPELAAA
Limonium_grosii,2.9,TETKSYVGFKAGVKDYKLTYYTPEYETLDTDILAAFRVTPQPGVPPEEAGAAVAAESSTGTWTTVWTDGLTNLDRYKGRCYHIEPVAGEENQFIAYVAYPLDLFEEGSVTNMFTSIVGNVFGFKALRALRLEDLRIPPAYSKTFQGPPHGIQVERDKLNKYGRPLLGCTIKPKLGLSAKNYGRAVYECLRGGLDFTKDDENVNSQPFMRWRDRFLFCTEAIYKAQAETGEVKGHYLNATAGTSEEMIKRAACARELGVPIVMHDYLTGGFTSNTSLAHYCRDNGLLLHIHRAMHAVIDRQKNHGMHFRVLAKALRMSGGDHIHAGTVVGKLEGEREITLGFVDLLRDDYIEKDRSRGIYFTQDWVSMPGVIPVASGGIHVWHMPALTEIFGDDSVLQFGGGTLGHPWGNAPGAVANRVALEACVQARNEGRDLAREGNEIIRQAATWSPELAAA
Limonium_gymnesicum,2.4,TETKSFVGFKAGVKDYKLTYYTPEYETLDTDILAAFRVTPQPGVPPEEAGAAVAAESSTGTWTTVWTDGLTNLDRYKGRCYHIEPVAGEESQFIAYVAYPLDLFEEGSVTNMFTSIVGNVFGFKALRALRLEDLRIPPAYSKTFQGPPHGIQVERDKLNKYGRPLLGCTIKPKLGLSAKNYGRAVYECLRGGLDFTKDDENVNSQPFMRWRDRFLFCTEAIYKAQAETGEVKGHYLNATAATSEEMIKRAACARELGVPIVMHDYLTGGFTSNTSLAHYCRDNGLLLHIHRAMHAVIDRQKNHGMHFRVLAKALRMSGGDHIHAGTVVGKLEGEREITLGFVDLLRDDYIEKDRSRGIYFTQDWVSMPGVIPVASGGIHVWHMPALTEIFGDDSVLQFGGGTLGHPWGNAPGAVANRVALEACVQARNEGRDLAREGNEIIRQAATWSPELAAA
Limonium_magallufianum,2.6,TETKSYVGFKAGVKDYKLTYYTPEYETLDTDILAAFRVTPQPGVPPEEAGAAVAAESSTGTWTTVWTDGLTNLDRYKGRCYHIEPVAGEENQFIAYVAYPLDLFEEGSVTNMFTSIVGNVFGFKALRALRLEDLRIPPAYSKTFQGPPHGIQVERDKLNKYGRPLLGCTIKPKLGLSAKNYGRAVYECLRGGLDFTKDDENVNSQPFMRWRDRFLFCTEAIYKAQAETGEVKGHYLNATAGTSEEMIKRAACARELGVPIVMHDYLTGGFTSNTSLAHYCRDNGLLLHIHRAMHAVIDRQKNHGMHFRVLAKALRMSGGDHIHAGTVVGKLEGEREITLGFVDLLRDDYIEKDRSRGIYFTQDWVSMPGVIPVASGGIHVWHMPALTEIFGDDSVLQFGGGTLGHPWGNAPGAVANRVALEACVQARNEGRDLAREGNEIIRQAATWSPELAAA
Limonium_retusum,2.1,TETKSYVGFKAGVKDYKLTYYTPEYETLDTDILAAFRVTPQPGVPPEEAGAAVAAESSTGTWTTVWTDGLTNLDRYKGRCYHIEPVAGEENQFIAYVAYPLDLFEEGSVTNMFTSIVGNVFGFKALRALRLEDLRIPPAYSKTFQGPPHGIQVERDKLNKYGRPLLGCTIKPKLGLSAKNYGRAVYECLRGGLDFTKDDENVNSQPFMRWRDRFLFCTEAIYKAQAETGEVKGHYLNATAGTSEEMIKRAACARELGVPIVMHDYLTGGFTSNTSLAHYCRDNGLLLHIHRAMHAVIDRQKNHGMHFRVLAKALRMSGGDHIHAGTVVGKLEGEREITLGFVDLLRDDYIEKDRSRGIYFTQDWVSMPGVIPVASGGIHVWHMPALTEIFGDDSVLQFGGGTLGHPWGNAPGAVANRVALEACVQARNEGRDLAREGNEIIRQAATWSPELAAA
Limonium_virgatum,2.4,TETKSFVGFKAGVKDYKLTYYTPEYETLDTDILAAFRVTPQPGVPPEEAGAAVAAESSTGTWTTVWTDGLTNLDRYKGRCYHIEPVAGEESQFIAYVAYPLDLFEEGSVTNMFTSIVGNVFGFKALRALRLEDLRIPPAYSKTFQGPPHGIQVERDKLNKYGRPLLGCTIKPKLGLSAKNYGRAVYECLRGGLDFTKDDENVNSQPFMRWRDRFLFCTEAIYKAQAETGEVKGHYLNATAATSEEMIKRAACARELGVPIVMHDYLTGGFTSNTSLAHYCRDNGLLLHIHRAMHAVIDRQKNHGMHFRVLAKALRMSGGDHIHAGTVVGKLEGEREITLGFVDLLRDDYIEKDRSRGIYFTQDWVSMPGVIPVASGGIHVWHMPALTEIFGDDSVLQFGGGTLGHPWGNAPGAVANRVALEACVQARNEGRDLAREGNEIIRQAATWSPELAAA
Lolium_multiflorum,4.5,TETKASVGFQAGVKDYKLTYYTPEYETKDTDILAAFRVTPQPGVPPEEAGAAVAAESSTGTWTTVWTDGLTSLDRYKGRCYHIEPVAGEDNQWICYVAYPLDLFEEGSVTNMFTSIVGNVFGFKALRALRLEDLRIPVAYSKTFQGPPHGIQVERDKLNKYGRPLLGCTIKPKLGLSAKNYGRACYECLRGGLDFTKDDENVNSQPFMRWRDRFVFCAEAIYKAQAETGEIKGHYLNATAGTCEEMIKRAVFARELGVPIVMHDYITGGFTANTSLAHYCRDNGLLLHIHRAMHAVIDRQKNHGMHFRVLAKALRMSGGDHIHSGTVVGKLEGEREMTLGFVDLLRDDFIEKDRARGIFFTQDWASMPGVIPVASGGIHVWHMPALTEIFGDDSVLQFGGGTLGHPWGNAPGAAANRVALEACVQARNEGRDLAREGNEIIRAACKWSPELAAA
Lolium_rigidum,4.7,TETKASVGFQAGVKDYKLTYYTPEYETKDTDILAAFRVTPQPGVPPEEAGAAVAAESSTGTWTTVWTDGLTSLDRYKGRCYHIEPVAGEDNQWICYVAYPLDLFEEGSVTNMFTSIVGNVFGFKALRALRLEDLRIPVAYSKTFQGPPHGIQVERDKLNKYGRPLLGCTIKPKLGLSAKNYGRACYECLRGGLDFTKDDENVNSQPFMRWRDRFVFCAEAIYKAQAETGEIKGHYLNATAGTCEEMIKRAVFARELGVPIVMHDYITGGFTANTSLAHYCRDNGLLLHIHRAMHAVIDRQKNHGMHFRVLAKALRMSGGDHIHSGTVVGKLEGEREMTLGFVDLLRDDFIEKDRARGIFFTQDWASMPGVIPVASGGIHVWHMPALTEIFGDDSVLQFGGGTLGHPWGNAPGAAANRVALEACVQARNEGRDLAREGNEIIRAACKWSPELAAA
Macrotyloma_uniflorum,4.4,TETKASVGFKAGVKDYKLTYYTPDYETKDTDILAAFRVTPQPGVPPEEAGAAVAAESSTGTWTTVWTDGLTSLDRYKGRCYHIEPVAGEESQFIAYVAYPLDLFEEGSVTNMFTSIVGNVFGFKALRALRLEDLRIPVSYIKTFQGPPHGIQVERDKLNKYGRPLLGCTIKPKLGLSAKNYGRAVYECLRGGLDFTKDDENVNSQPFMRWRDRFLFCAEAIYKAQAETGEIKGHYLNATAGTCEEMIKRAVFARELGVPIVMHDYLTGGFTANTSLAHYCRDNGLLLHIHRAMHAVIDRQKNHGMHFRVLAKALRLSGGDHVHSGTVVGKLEGEREITLGFVDLLRDDFVEKDRSRGIYFTQDWVSLPGVLPVASGGIHVWHMPALTEIFGDDSVLQFGGGTLGHPWGNAPGAVANRVALEACVQARNEGRDLAREGNEIIREASKWSPELAAA
Manihot_esculenta,1.4,TETKASVGFKAGVKDYKLTYYTPDYQTKDTDILAAFRVTPQPGVPPEEAGAAVAAESSTGTWTTVWTDGLTSLDRYKGRCYGLEPVPGEENQYIAYVAYPLDLFEEGSVTNMFTSIVGNVFGFKALRALRLEDLRVPPAYSKTFQGPPHGIQVERDKLNKYGRPLLGCTIKPKLGLSAKNYGRAVYECLRGGLDFTKDDENVNSQPFMRWRDRFLFCAEAIYKAQAETGEIKGHYLNATAGTCEEMIKRAVCARELGVPIVMHDYLTGGFTANTSLAHYCRDNGLLLHIHRAMHAVIDRQKNHGMHFRVLAKALRLSGGDHIHAGTVVGKLEGERDITLGFVDLLRDDFIEKDRSRGIYFTQDWVSLPGVLPVASGGIHVWHMPALTEIFGDDSVLQFGGGTLGHPWGNAPGAVANRVALEACVQARNEGRDLAREGNDIIREASKWSPELAAA
Medicago_sativa,1.7,TETKATVGFKAGVKDYRLTYYTPDYETKDTDILAAFRVSPQPGVPAEEAGAAVAAESSTGTWTTVWTDGLTSLDRYKGRCYHIEPVAGEETQFIAYVAYPLDLFEEGSVTNMFTSIVGNVFGFKALRALRLEDLRIPVAYVKTFQGPPHGIQVERDKLNKYGRPLLGCTIKPKLGLSAKNYGRAVYECLRGGLDFTKDDENVNSQPFMRWRDRFLFCAEAIYKAQAETGEIKGHYLNATAGTVDDMMKRAVFARELGVPIVMHDYLTGGFTANTTLAHYCRDNGLLLHIHRAMHAVIDRQKNHGMHFRVLAKALRMSGGDHIHAGTVVGKLEGERDITLGFVDLLRDDFIEKDRSRGIFFTQDWVSLPGVLPVASGGIHVWHMPALTEIFGDDSVLQFGGGTLGHPWGNAPGAVANRVALEACVQARNEGRDLAREGNEIIREATKWSPELAAA
Mercurialis_annua,3.4,TETKASVGFKAGVKDYKLTYYTPEYETKDTDILAAFRVTPQPGVPPEEAGAAVAAESSTGTWTTVWTDGLTSLDRYKGRCYHIEPVAGEESQFIAYVAYPLDLFEEGSVTNMFTSIVGNVFGFKALRALRLEDLRIPPAYVKTFQGPPHGIQVERDKLNKYGRPLLGCTIKPKLGLSAKNYGRAVYECLRGGLDFTKDDENVNSQPFMRWRDRFLFCAEAIYKAQAETGEIKGHYLNATAGTCEEMIKRAVFARELGVPIVMHDYLTGGFTANTSLAHYCRDNGLLLHIHRAMHAVIDRQKNHGMHFRVLAKALRMSGGDHIHAGTVVGKLEGEREITLGFVDLLRDDFVEKDRSRGIYFTQDWVSLPGVIPVASGGIHVWHMPALTEIFGDDSVLQFGGGTLGHPWGNAPGAVANRVALEACVQARNEGRDLAREGNEIIREACKWSPELAAA
Musa_velutina,3.2,TETKASVGFKAGVKDYKLTYYTPDYEVKDTDILAAFRVTPQPGVPPEEAGAAVAAESSTGTWTTVWTDGLTSLDRYKGRCYHIEAVVGEENQYIAYVAYPLDLFEEGSVTNMFTSIVGNVFGFKALRALRLEDLRIPTSYSKTFQGPPHGIQVERDKLNKYGRPLLGCTIKPKLGLSAKNYGRAVYECLRGGLDFTKDDENVNSQPFMRWRDRFLFCAEAIYKAQAETGEIKGHYFNATAGTCEEMMKRAICARELGVPIVMHDYLTGGFTANTSLAHYCRDNGLLLHIHRAMHAVIDRQKNHGMHFRVLAKALRMSGGDHIHAGTVVGKLEGEREMTLGFVDLLRDDYIEKDRSRGIFFTQDWVSMPGVLPVASGGIHVWHMPALTEIFGDDSVLQFGGGTLGHPWGNAPGAVANRVALEACVQARNEGRDLAREGNEIIREASKWSPELAAA
Nicotiana_tabacum,3.1,TETKASVGFKAGVKEYKLTYYTPEYQTKDTDILAAFRVTPQPGVPPEEAGAAVAAESSTGTWTTVWTDGLTSLDRYKGRCYRIERVVGEKDQYIAYVAYPLDLFEEGSVTNMFTSIVGNVFGFKALRALRLEDLRIPPAYVKTFQGPPHGIQVERDKLNKYGRPLLGCTIKPKLGLSAKNYGRAVYECLRGGLDFTKDDENVNSQPFMRWRDRFLFCAEALYKAQAETGEIKGHYLNATAGTCEEMIKRAVFARELGVPIVMHDYLTGGFTANTSLAHYCRDNGLLLHIHRAMHAVIDRQKNHGIHFRVLAKALRMSGGDHIHSGTVVGKLEGERDITLGFVDLLRDDFVEQDRSRGIYFTQDWVSLPGVLPVASGGIHVWHMPALTEIFGDDSVLQFGGGTLGHPWGNAPGAVANRVALEACVKARNEGRDLAQEGNEIIREACKWSPELAAA
Oryza_eichingeri,2.5,TETKASVGFQAGVKDYKLTYYTPEYETKDTDILAAFRVTPQPGVPPEEAGAAVAAESSTGTWTTVWTDGLTSLDRYKGRCYHIEPVVGEENQYIAYVAYPLDLFEEGSVTNMFTSIVGNVFGFKALRALRLEDLRIPTTYSKTFQGPPHGIQVERDKLNKYGRPLLGCTIKPKLGLSAKNYGRACYECLRGGLDFTKDDENVNSQPFMRWRDRFVFCAEAIYKSQAETGEIKGHYLNATAGTCEEMMKRAIFARELGVPIVMHDYLTGGFTANTSLAHYCRDNGLLLHIHRAMHAVIDRQKNHGMHFRVLAKALRMSGGDHIHAGTVVGKLEGEREMTLGFVDLLRDDFIEKDRARGIFFTQDWVSMPGVIPVASGGIHVWHMPALTEIFGDDSVLQFGGGTLGHPWGNAPGAAANRVALEACVQARNEGRDLAREGNEIIRSACKWSPELAAA
Oryza_longistaminata,2.2,TETKASVGFKAGVKDYKLTYYTPEYETKDTDILAAFRVTPQPGVPPEEAGAAVAAESSTGTWTTVWTDGLTSLDRYKGRCYHIEPVVGEDNQYIAYVAYPLDLFEEGSVTNMFTSIVGNVFGFKALRALRLEDLRIPPTYSKTFQGPPHGIQVERDKLNKYGRPLLGCTIKPKLGLSAKNYGRACYECLRGGLDFTKDDENVNSQPFMRWRDRFVFCAEAIYKSQAETGEIKGHYLNATAGTCEEMIKRAVFARELGVPIVMHDYLTGGFTANTSLAHYCRDNGLLLHIHRAMHAVIDRQKNHGMHFRVLAKALRMSGGDHIHAGTVVGKLEGEREMTLGFVDLLRDDFIEKDRARGIFFTQDWVSMPGVIPVASGGIHVWHMPALTEIFGDDSVLQFGGGTLGHPWGNAPGAAANRVALEACVQARNEGRDLAREGNEIIRSACKWSPELAAA
Oryza_meridionalis,2.6,TETKASVGFKAGVKDYKLTYYTPEYETKDTDILAAFRVTPQPGVPPEEAGAAVAAESSTGTWTTVWTDGLTSLDRYKGRCYHIEPVVGEDNQYIAYVAYPLDLFEEGSVTNMFTSIVGNVFGFKALRALRLEDLRIPPTYSKTFQGPPHGIQVERDKLNKYGRPLLGCTIKPKLGLSAKNYGRACYECLRGGLDFTKDDENVNSQPFMRWRDRFVFCAEAIYKSQAETGEIKGHYLNATAGTCEEMIKRAVFARELGVPIVMHDYLTGGFTANTSLAHYCRDNGLLLHIHRAMHAVIDRQKNHGMHFRVLAKALRMSGGDHIHAGTVVGKLEGEREMTLGFVDLLRDDFIEKDRARGIFFTQDWVSMPGVIPVASGGIHVWHMPALTEIFGDDSVLQFGGGTLGHPWGNAPGAAANRVALEACVQARNEGRDLAREGNEIIRSACKWSPELAAA
Oryza_nivara,2.7,TETKASVGFKAGVKDYKLTYYTPEYETKDTDILAAFRVTPQPGVPPEEAGAAVAAESSTGTWTTVWTDGLTSLDRYKGRCYHIEPVVGEDNQYIAYVAYPLDLFEEGSVTNMFTSIVGNVFGFKALRALRLEDLRIPPTYSKTFQGPPHGIQVERDKLNKYGRPLLGCTIKPKLGLSAKNYGRACYECLRGGLDFTKDDENVNSQPFMRWRDRFVFCAEAIYKSQAETGEIKGHYLNATAGTCEEMIKRAVFARELGVPIVMHDYLTGGFTANTSLAHYCRDNGLLLHIHRAMHAVIDRQKNHGMHFRVLAKALRMSGGDHIHAGTVVGKLEGEREMTLGFVDLLRDDFIEKDRARGIFFTQDWVSMPGVIPVASGGIHVWHMPALTEIFGDDSVLQFGGGTLGHPWGNAPGAAANRVALEACVQARNEGRDLAREGNEIIRSACKWSPELAAA
Oryza_punctata,2.7,TETKASVGFQAGVKDYKLTYYTPEYETKDTDILAAFRVTPQPGVPPEEAGAAVAAESSTGTWTTVWTDGLTSLDRYKGRCYHIEPVVGEENQYIAYVAYPLDLFEEGSVTNMFTSIVGNVFGFKALRALRLEDLRIPTTYSKTFQGPPHGIQVERDKLNKYGRPLLGCTIKPKLGLSAKNYGRACYECLRGGLDFTKDDENVNSQPFMRWRDRFVFCAEAIYKSQAETGEIKGHYLNATAGTCEEMMKRAIFARELGVPIVMHDYLTGGFTANTSLAHYCRDNGLLLHIHRAMHAVIDRQKNHGMHFRVLAKALRMSGGDHIHAGTVVGKLEGEREMTLGFVDLLRDDFIEKDRARGIFFTQDWVSMPGVIPVASGGIHVWHMPALTEIFGDDSVLQFGGGTLGHPWGNAPGAAANRVALEACVQARNEGRDLAREGNEIIRSACKWSPELAAA
Oryza_sativa,2.1,TETKASVGFKAGVKDYKLTYYTPEYETKDTDILAAFRVTPQPGVPPEEAGAAVAAESSTGTWTTVWTDGLTSLDRYKGRCYHIEPVVGEDNQYIAYVAYPLDLFEEGSVTNMFTSIVGNVFGFKALRALRLEDLRIPPTYSKTFQGPPHGIQVERDKLNKYGRPLLGCTIKPKLGLSAKNYGRACYECLRGGLDFTKDDENVNSQPFMRWRDRFVFCAEAIYKSQAETGEIKGHYLNATAGTCEEMIKRAVFARELGVPIVMHDYLTGGFTANTSLAHYCRDNGLLLHIHRAMHAVIDRQKNHGMHFRVLAKALRMSGGDHIHAGTVVGKLEGEREMTLGFVDLLRDDFIEKDRARGIFFTQDWVSMPGVIPVASGGIHVWHMPALTEIFGDDSVLQFGGGTLGHPWGNAPGAAANRVALEACVQARNEGRDLAREGNEIIRSACKWSPELAAA
Panicum_bisulcatum,2.6,TETKASVGFKAGVKDYKLTYYTPEYETKDTDILAAFRVTPQPGVPPEEAGAAVAAESSTGTWTTVWTDGLTSLDRYKGRCYHIEPVPGEPDQYICYVAYPLDLFEEGSVTNMFTSIVGNVFGFKALRALRLEDLRIPPTYSKTFQGPPHGIQVERDKLNKYGRPLLGCTIKPKLGLSAKNYGRACYECLRGGLDFTKDDENVNSQPFMRWRDRFVFCAEAIYKSQAETGEIKGHYLNATAGTCEEMIKRAVFARELGVPIVMHDYLTGGFTANTTLAHYCRDNGLLLHIHRAMHAVIDRQKNHGMHFRVLAKALRMSGGDHIHAGTVVGKLEGEREITLGFVDLLRDDFIEKDRSRGIFFTQDWVSMPGVIPVASGGIHVWHMPALTEIFGDDSVLQFGGGTLGHPWGNAPGAAANRVALEACVQARNEGRDLAREGNEIIKAACKWSPELAAA
Panicum_milioides,2.2,TETKASVGFKAGVKDYKLTYYTPEYETKDTDILAAFRVTPQPGVPPEEAGAAVAAESSTGTWTTVWTDGLTSLDRYKGRCYHIEPVPGEGDQYICYVAYPLDLFEEGSVTNMFTSIVGNVFGFKALRALRLEDLRIPPTYSKTFQGPPHGIQVERDKLNKYGRPLLGCTIKPKLGLSAKNYGRACYECLRGGLDFTKDDENVNSQPFMRWRDRFVFCAEAIYKSQAETGEIKGHYLNATAGTCEEMIKRAVFARELGVPIVMHDYLTGGFTANTSLAHYCRDNGLLLHIHRAMHAVIDRQKNHGMHFRVLAKALRMSGGDHIHAGTVVGKLEGEREITLGFVDLLRDDFIEKDRSRGIFFTQDWVSMPGVIPVASGGIHVWHMPALTEIFGDDSVLQFGGGTLGHPWGNAPGAAANRVALEACVQARNEGRDLAREGNEIIKAACKWSPELAAA
Phaseolus_carteri,3.2,TETKASVGFKAGVKDYKLTYYTPDYETKDTDILAAFRVTPQPGVPPEEAGAAVAAESSTGTWTTVWTDGLTSLDRYKGRCYHIEPVAGEENQYIAYVAYPLDLFEEGSVTNMFTSIVGNVFGFKALRALRLEDLRIPTAYIKTFQGPPHGIQVERDKLNKYGRPLLGCTIKPKLGLSAKNYGRAVYECLRGGLDFTKDDENVNSQPFMRWRDRFLFCAEAIYKAQAETGEIKGHYLNATAGTCEEMIKRAVFARELGVPIVMHDYLTGGFTANTSLAHYCRDNGLLLHIHRAMHAVIDRQKNHGMHFRVLAKALRLSGGDHVHSGTVVGKLEGEREITLGFVDLLRDDFIEKDRSRGIYFTQDWVSLPGVLPVASGGIHVWHMPALTEIFGDDSVLQFGGGTLGHPWGNAPGAVANRVALEACVQARNEGRDLAREGNEIIREASKWSPELAAA
Phaseolus_coccineus,3.9,TETKASVGFKAGVKDYKLTYYTPDYETKDTDILAAFRVTPQPGVPPEEAGAAVAAESSTGTWTTVWTDGLTSLDRYKGRCYHIEPVAGEENQFIAYVAYPLDLFEEGSVTNMFTSIVGNVFGFKALRALRLEDLRIPTAYIKTFQGPPHGIQVERDKLNKYGRPLLGCTIKPKLGLSAKNYGRAVYECLRGGLDFTKDDENVNSQPFMRWRDRFLFCAEAIYKAQAETGEIKGHYLNATAGTCEEMIKRAVFARELGVPIVMHDYLTGGFTANTSLAHYCRDNGLLLHIHRAMHAVIDRQKNHGMHFRVLAKALRLSGGDHVHSGTVVGKLEGEREITLGFVDLLRDDFIEKDRSRGIYFTQDWVSLPGVLPVASGGIHVWHMPALTEIFGDDSVLQFGGGTLGHPWGNAPGAVANRVALEACVQARNEGRDLAREGNEIIREACKWSPELAAA
Phaseolus_lunatus,3.2,TETKASVGFKAGVKDYKLTYYTPDYETKDTDILAAFRVTPQPGVPPEEAGAAVAAESSTGTWTTVWTDGLTSLDRYKGRCYNIEPVAGEENQYIAYVAYPLDLFEEGSVTNMFTSIVGNVFGFKALRALRLEDLRIPTAYIKTFQGPPHGIQVERDKLNKYGRPLLGCTIKPKLGLSAKNYGRAVYECLRGGLDFTKDDENVNSQPFMRWRDRFLFCAEAIYKSQAETGEIKGHYLNATAGTCEEMIKRAVFARELGVPIVMHDYLTGGFTANTSLAHYCRDNGLLLHIHRAMHAVIDRQKNHGMHFRVLAKALRLSGGDHVHSGTVVGKLEGEREITLGFVDLLRDDFIEKDRSRGIYFTQDWVSLPGVLPVASGGIHVWHMPALTEIFGDDSVLQFGGGTLGHPWGNAPGAVANRVALEACVQARNEGRDLAREGNEIIREASKWSPELAAA
Phaseolus_vulgaris,1.7,TETKASVGFKAGVKEYKLTYYTPEYETKDTDILAAFRVTPQPGVPPEEAGAAVAAESSTGTWTTVWTDGLTSLDRYKGRCYHIEPVPGEADQYICYVAYPLDLFEEGSVTNMFTSIVGNVFGFKALRALRLEDLRIPTAYIKTFQGPPHGIQVERDKLNKYGRPLLGCTIKPKLGLSAKNYGRAVYECLRGGLDFTKDDENVNSQPFMRWRDRFLFCAEAIYKSQAETGEIKGHYLNATAGTCEEMMKRAVFARELGVPIIMHDYLTGGFTANTSLAHYCRDNGLLLHIHRAMHAVIDRQKNHGIHFRVLAKALRMSGGDHIHSGTVVGKLEGERDITLGFVDLLRDDFIEKDRSRGIYFTQDWVSLPGVLPVASGGIHVWHMPALTEIFGDDSVLQFGGGTLGHPWGNAPGAVANRVALEACVKARNEGRDLASEGNVIIREASKWSPELAAA
Poa_palustris,4.2,TETKASVGFQAGVKDYKLTYYTPEYETKDTDILAAFRVTPQPGVPPEEAGAAVAAESSTGTWTTVWTDGLTSLDRYKGRCYHIEPVAGEDNQWICYVAYPLDLFEEGSVTNMFTSIVGNVFGFKALRALRLEDLRIPVAYAKTFQGPPHGIQVERDKLNKYGRPLLGCTIKPKLGLSAKNYGRACYECLRGGLDFTKDDENVNSQPFMRWRDRFVFCAEAIYKAQAETGEIKGHYLNATAGTCEEMMKRAIFARELGVPIVMHDYITGGFTANTSLAHYCRDNGLLLHIHRAMHAVIDRQKNHGMHFRVLAKALRMSGGDHIHAGTVVGKLEGEREMTLGFVDLLRDDFIEKDRARGIFFTQDWVSMPGVIPVASGGIHVWHMPALTEIFGDDSVLQFGGGTLGHPWGNAPGAAANRVALEACVQARNEGRDLAREGNEIIRAACKWSPELAAA
Puccinellia_distans,5.4,TETKASVGFQAGVKDYKLTYYTPEYETKDTDILAAFRVTPQPGVPPEEAGAAVAAESSTGTWTTVWTDGLTSLDRYKGRCYHIEPVAGEDNQWICYVAYPLDLFEEGSVTNMFTSIVGNVFGFKALRALRLEDLRIPPAYTKTFQGPPHGIQVERDKLNKYGRPLLGCTIKPKLGLSAKNYGRACYECLRGGLDFTKDDENVNSQPFMRWRDRFVFCAEAIYKSQAETGEIKGHYLNATAGTCEEMIKRAVFARELGVPIVMHDYITGGFTANTSLAHYCRDNGLLLHIHRAMHAVIDRQKNHGMHFRVLAKALRMSGGDHIHSGTVVGKLEGEREITLGFVDLLRDDFIEKDRARGIFFTQDWVSMPGVIPVASGGIHVWHMPALTEIFGDDSVLQFGGGTLGHPWGNAPGAAANRVALEACVQARNEGRDLAREGNEIIRAACKWSPELAAA
Puccinellia_lemmonii,5.2,TETKSSVGFQAGVKDYKLTYYTPEYETKDTDILAAFRVTPQPGVPPEEAGAAVAAESSTGTWTTVWTDGLTSLDRYKGRCYHIEPVAGEDNQWICYVAYPLDLFEEGSVTNMFTSIVGNVFGFKALRALRLEDLRIPPAYAKTFQGPPHGIQVERDKLNKYGRPLLGCTIKPKLGLSAKNYGRACYECLRGGLDFTKDDENVNSQPFMRWRDRFVFCAEAIYKSQAETGEIKGHYLNATAGTCEEMIKRAVFARELGVPIVMHDYITGGFTANTSLAHYCRDNGLLLHIHRAMHAVIDRQKNHGMHFRVLAKALRMSGGDHIHSGTVVGKLEGEREMTLGFVDLLRDDFIEKDRARGIFFTQDWVSMPGVIPVASGGIHVWHMPALTEIFGDDSVLQFGGGTLGHPWGNAPGAAANRVALEACVQARNEGRDLAREGNEIIRAACKWSPELAAA
Puccinellia_maritima,5.4,TETKSSVGFQAGVKDYKLTYYTPEYETKDTDILAAFRVTPQPGVPPEEAGAAVAAESSTGTWTTVWTDGLTSLDRYKGRCYHIEPVAGEDNQWICYVAYPLDLFEEGSVTNMFTSIVGNVFGFKALRALRLEDLRIPPAYAKTFQGPPHGIQVERDKLNKYGRPLLGCTIKPKLGLSAKNYGRACYECLRGGLDFTKDDENVNSQPFMRWRDRFVFCAEAIYKSQAETGEIKGHYLNATAGTCEEMIKRAVFARELGVPIVMHDYITGGFTANTSLAHYCRDNGLLLHIHRAMHAVIDRQKNHGMHFRVLAKALRMSGGDHIHAGTVVGKLEGEREMTLGFVDLLRDDFIEKDRARGIFFTQDWVSMPGVIPVASGGIHVWHMPALTEIFGDDSVLQFGGGTLGHPWGNAPGAAANRVALEACVQARNEGRDLAREGNEIIRAACKWSPELAAA
Puccinellia_nuttalliana,4.0,TETKASVGFQAGVKDYKLTYYTPEYETKDTDILAAFRVTPQPGVPPEEAGAAVAAESSTGTWTTVWTDGLTSLDRYKGRCYHIEPVAGEDNQWICYVAYPLDLFEEGSVTNMFTSIVGNVFGFKALRALRLEDLRIPPAYAKTFQGPPHGIQVERDKLNKYGRPLLGCTIKPKLGLSAKNYGRACYECLRGGLDFTKDDENVNSQPFMRWRDRFVFCAEAIYKSQAETGEIKGHYLNATAGTCEEMIKRAVFARELGVPIVMHDYITGGFTANTSLAHYCRDNGLLLHIHRAMHAVIDRQKNHGMHFRVLAKALRMSGGDHIHSGTVVGKLEGEREMTLGFVDLLRDDFIEKDRARGIFFTQDWVSMPGVIPVASGGIHVWHMPALTEIFGDDSVLQFGGGTLGHPWGNAPGAAANRVALEACVQARNEGRDLAREGNEIIRAACKWSPELAAA
Secale_cereale,3.2,TETKAGVGFQAGVKDYKLTYYTPEYETKDTDILAAFRVSPQPGVPPEEAGAAVAAESSTGTWTTVWTDGLTSLDRYKGRCYHIEPVAGEDNQWICYVAYPLDLFEEGSVTNMFTSIVGNVFGFKALRALRLEDLRIPPTYSKTFQGPPHGIQVERDKLNKYGRPLLGCTIKPKLGLSAKNYGRACYECLRGGLDFTKDDENVNSQPFMRWRDRFVFCAEAIYKSQAETGEIKGHYLNATAGTCEEMIKRAVFARELGVPIVMHDYLTGGFTANTTLAHYCRDNGLLLHIHRAMHAVIDRQKNHGMHFRVLAKALRMSGGDHIHSGTVVGKLEGEREMTLGFVDLLRDDFIEKDRARGIFFTQDWVSMPGVIPVASGGIHVWHMPALTEIFGDDSVLQFGGGTLGHPWGNAPGAAANRVALEACVQARNEGRDLAREGNEIIRAACKWSPELAAA
Solanum_lycopersicum,2.3,TETKASVGFKAGVKEYKLTYYTPEYQTKDTDILAAFRVTPQPGVPPEEAGAAVAAESSTGTWTTVWTDGLTSLDRYKGRCYRIERVVGEKDQYIAYVAYPLDLFEEGSVTNMFTSIVGNVFGFKALRALRLEDLRIPPAYVKTFQGPPHGIQVERDKLNKYGRPLLGCTIKPKLGLSAKNYGRAVYECLRGGLDFTKDDENVNSQPFMRWRDRFLFCAEALFKAQTETGEIKGHYLNATAGTCEEMIKRAVFARELGVPIVMHDYLTGGFTANTTLAHYCRDNGLLLHIHRAMHAVIDRQKNHGIHFRVLAKALRMSGGDHIHSGTVVGKLEGERDITLGFVDLLRDDFVEQDRSRGIYFTQDWVSLPGVLPVASGGIHVWHMPALTEIFGDDSVLQFGGGTLGHPWGNAPGAVANRVALEACVKARNEGRDLAREGNEIIREACKWSPELAAA
Solanum_tuberosum,2.0,TETKASVGFKAGVKEYKLTYYTPEYQTKDTDILAAFRVTPQPGVPPEEAGAAVAAESSTGTWTTVWTDGLTSLDRYKGRCYRIERVVGEKDQYIAYVAYPLDLFEEGSVTNMFTSIVGNVFGFKALRALRLEDLRIPTAYVKTFQGPPHGIQVERDKLNKYGRPLLGCTIKPKLGLSAKNYGRAVYECLRGGLDFTKDDENVNSQPFMRWRDRFLFCAEALFKAQTETGEIKGHYLNATAGTCEEMMKRAVFARELGVPIVMHDYLTGGFTANTTLAHYCRDNGLLLHIHRAMHAVIDRQKNHGIHFRVLAKALRMSGGDHIHSGTVVGKLEGERDITLGFVDLLRDDFIEQDRSRGIYFTQDWVSLPGVLPVASGGIHVWHMPALTEIFGDDSVLQFGGGTLGHPWGNAPGAVANRVALEACVKARNEGRDLAQEGNEIIREACKWSPELAAA
Sphenostylis_stenocarpa,2.8,TETKASVGFKAGVKDYKLTYYTPDYETKDTDILAAFRVTPQPGVPPEEAGAAVAAESSTGTWTTVWTDGLTSLDRYKGRCYHIEPVAGEENQYIAYVAYPLDLFEEGSVTNMFTSIVGNVFGFKALRALRLEDLRIPTSYIKTFQGPPHGIQVERDKLNKYGRPLLGCTIKPKLGLSAKNYGRAVYECLRGGLDFTKDDENVNSQPFMRWRDRFLFCAEAIYKAQAETGEIKGHYLNATAGTCEEMIKRAVFARELGVPIVMHDYLTGGFTANTSLAHYCRDNGLLLHIHRAMHAVIDRQKNHGMHFRVLAKALRLSGGDHVHSGTVVGKLEGEREITLGFVDLLRDDFIEKDRSRGIYFTQDWVSLPGVLPVASGGIHVWHMPALTEIFGDDSVLQFGGGTLGHPWGNAPGAVANRVALEACVQARNEGRDLAREGNEIIREACKWSPELAAA
Spinacia_oleracea,2.4,TETKASVGFKAGVKDYKLTYYTPEYETLDTDILAAFRVSPQPGVPPEEAGAAVAAESSTGTWTTVWTDGLTNLDRYKGRCYHIEPVAGEENQYICYVAYPLDLFEEGSVTNMFTSIVGNVFGFKALRALRLEDLRIPVAYVKTFQGPPHGIQVERDKLNKYGRPLLGCTIKPKLGLSAKNYGRAVYECLRGGLDFTKDDENVNSQPFMRWRDRFLFCAEALYKAQAETGEIKGHYLNATAGTCEDMMKRAVFARELGVPIVMHDYLTGGFTANTTLSHYCRDNGLLLHIHRAMHAVIDRQKNHGMHFRVLAKALRLSGGDHIHSGTVVGKLEGERDITLGFVDLLRDDYTEKDRSRGIYFTQSWVSTPGVLPVASGGIHVWHMPALTEIFGDDSVLQFGGGTLGHPWGNAPGAVANRVALEACVQARNEGRDLAREGNTIIREATKWSPELAAA
Tephrosia_candida,2.2,TETKASVGFKAGVKDYKLTYYTPDYETKDTDILAAFRVTPQPGVPPEEAGAAVAAESSTGTWTTVWTDGLTSLDRYKGRCYHIEPVAGEENQYIAYVAYPLDLFEEGSVTNMFTSIVGNVFGFKALRALRLEDLRIPNSYIKTFQGPPHGIQVERDKLNKYGRPLLGCTIKPKLGLSAKNYGRAVYECLRGGLDFTKDDENVNSQPFMRWRDRFLFCAEAIFKSQAETGEIKGHYLNATAGTCEEMIKRAVFARELGVPIVMHDYLTGGFTANTSLAHYCRDNGLLLHIHRAMHAVIDRQKNHGMHFRVLAKALRLSGGDHIHAGTVVGKLEGEREITLGFVDLLRDDFIEKDRSRGIYFTQDWVSLPGVLPVASGGIHVWHMPALTEIFGDDSVLQFGGGTLGHPWGNAPGAVANRVALEACVQARNEGRDLAREGNEIIREASKWSPELAAA
Tephrosia_purpurea,2.2,TETKASVGFKAGVKDYKLNYYTPDYETKDTDILAAFRVTPQPGVPPEEAGAAVAAESSTGTWTTVWTDGLTSLDRYKGRCYHIEPVAGEENQYIAYVAYPLDLFEEGSVTNMFTSIVGNVFGFKALRALRLEDLRIPNSYIKTFQGPPHGIQVERDKLNKYGRPLLGCTIKPKLGLSAKNYGRAVYECLRGGLDFTKDDENVNSQPFMRWRDRFLFCAEALFKSQAETGEIKGHYLNATAGTCEEMMKRAVFARELGVPIVMHDYLTGGFTANTSLAHYCRDNGLLLHIHRAMHAVIDRQKNHGMHFRVLAKALRLSGGDHIHAGTVVGKLEGEREITLGFVDLLRDDFIEKDRSRGIYFTQDWVSLPGVLPVASGGIHVWHMPALTEIFGDDSVLQFGGGTLGHPWGNAPGAVANRVALEACVQARNEGRDLAREGNEIIREASKWSPELAAA
Tephrosia_rhodesica,2.2,TETKSSVGFKAGVKDYKLTYYTPDYETKDTDILAAFRVTPQPGVPPEEAGAAVAAESSTGTWTTVWTDGLTSLDRYKGRCYHIEPVAGEENQFIAYVAYPLDLFEEGSVTNMFTSIVGNVFGFKALRALRLEDLRIPNSYIKTFQGPPHGIQVERDKLNKYGRPLLGCTIKPKLGLSAKNYGRAVYECLRGGLDFTKDDENVNSQPFMRWRDRFLFCAEAIFKSQAETGEIKGHYLNATAGTCEEMIKRAVFARELGVPIVMHDYLTGGFTANTSLAHYCRDNGLLLHIHRAMHAVIDRQKNHGMHFRVLAKALRLSGGDHIHAGTVVGKLEGEREITLGFVDLLRDDFVEKDRSRGIYFTQDWVSLPGVLPVASGGIHVWHMPALTEIFGDDSVLQFGGGTLGHPWGNAPGAVANRVALEACVQARNEGRDLAREGNEIIREASKWSPELAAA
Trachycarpus_fortunei,2.8,TETKASVGFKAGVKDYKLTYYTPDYETKDTDILAAFRVTPQPGVPPEEAGAAVAAESSTGTWTTVWTDGLTSLDRYKGRCYHIETVVGEENQYIAYVAYPLDLFEEGSVTNMFTSIVGNVFGFKALRALRLEDLRIPTSYSKTFQGPPHGIQVERDKLNKYGRPLLGCTIKPKLGLSAKNYGRAVYECLRGGLDFTKDDENVNSQPFMRWRDRFLFCTEALYKAQAETGEIKGHYLNATAGTCEEMMKRAIFARELGVPIVMHDYLTGGFTANTSLAHYCRDNGLLLHIHRAMHAVIDRQKNHGMHFRVLAKALRMSGGDHIHAGTVVGKLEGEREMTLGFVDLLRDDFIEKDRSRGIFFTQDWVSMPGVIPVASGGIHVWHMPALTEIFGDDSVLQFGGGTLGHPWGNAPGAVANRVALEACVQARNEGRDLAREGNEIIREASKWSPELAAA
Triticum_aestivum,2.2,TETKAGVGFKAGVKDYKLTYYTPEYETKDTDILAAFRVSPQPGVPPEEAGAAVAAESSTGTWTTVWTDGLTSLDRYKGRCYHIEPVAGEDSQWICYVAYPLDLFEEGSVTNMFTSIVGNVFGFKALRALRLEDLRIPPTYSKTFQGPPHGIQVERDKLNKYGRPLLGCTIKPKLGLSAKNYGRACYECLRGGLDFTKDDENVNSQPFMRWRDRFVFCAEAIYKSQAETGEIKGHYLNATAGTCEEMIKRAVFARELGVPIVMHDYLTGGFTANTTLAHYCRDNGLLLHIHRAMHAVIDRQKNHGMHFRVLAKALRMSGGDHIHSGTVVGKLEGEREMTLGFVDLLRDDFIEKDRARGIFFTQDWVSMPGVIPVASGGIHVWHMPALTEIFGDDSVLQFGGGTLGHPWGNAPGAAANRVALEACVQARNEGRDLAREGNEIIRAACKWSPELAAA
Triticum_monococcum,3.2,TETKAGVGFQAGVKDYKLTYYTPEYETKDTDILAAFRVSPQPGVPPEEAGAAVAAESSTGTWTTVWTDGLTSLDRYKGRCYHIEPVAGEDNQWICYVAYPLDLFEEGSVTNMFTSIVGNVFGFKALRALRLEDLRIPPTYSKTFQGPPHGIQVERDKLNKYGRPLLGCTIKPKLGLSAKNYGRACYECLRGGLDFTKDDENVNSQPFMRWRDRFVFCAEAIYKSQAETGEIKGHYLNATAGTCEEMIKRAVFARELGVPIVMHDYLTGGFTANTTLAHYCRDNGLLLHIHRAMHAVIDRQKNHGMHFRVLAKALRMSGGDHIHSGTVVGKLEGEREMTLGFVDLLRDDFIEKDRARGIFFTQDWVSMPGVIPVASGGIHVWHMPALTEIFGDDSVLQFGGGTLGHPWGNAPGAAANRVALEACVQARNEGRDLAREGNEIIRAACKWSPELAAA
Triticum_timopheevii,3.4,TETKAGVGFQAGVKDYKLTYYTPEYETKDTDILAAFRVSPQPGVPPEEAGAAVAAESSTGTWTTVWTDGLTSLDRYKGRCYHIEPVAGEDNQWICYVAYPLDLFEEGSVTNMFTSIVGNVFGFKALRALRLEDLRIPPTYSKTFQGPPHGIQVERDKLNKYGRPLLGCTIKPKLGLSAKNYGRACYECLRGGLDFTKDDENVNSQPFMRWRDRFVFCAEAIYKSQAETGEIKGHYLNATAGTCEEMIKRAVFARELGVPIVMHDYLTGGFTANTTLAHYCRDNGLLLHIHRAMHAVIDRQKNHGMHFRVLAKALRMSGGDHIHSGTVVGKLEGEREMTLGFVDLLRDDFIEKDRARGIFFTQDWVSMPGVIPVASGGIHVWHMPALTEIFGDDSVLQFGGGTLGHPWGNAPGAAANRVALEACVQARNEGRDLAREGNEIIRAACKWSPELAAA
Limonium_leonardi-llorensii,2.8,TETKSYVGFKAGVKDYKLTYYTPEYETLDTDILAAFRVTPQPGVPPEEAGAAVAAESSTGTWTTVWTDGLTNLDRYKGRCYHIEPVAGEENQFIAYVAYPLDLFEEGSVTNMFTSIVGNVFGFKALRALRLEDLRIPPAYSKTFQGPPHGIQVERDKLNKYGRPLLGCTIKPKLGLSAKNYGRAVYECLRGGLDFTKDDENVNSQPFMRWRDRFLFCTEAIYKAQAETGEVKGHYLNATAGTSEEMIKRAACARELGVPIVMHDYLTGGFTSNTSLAHYCRDNGLLLHIHRAMHAVIDRQKNHGMHFRVLAKALRMSGGDHIHAGTVVGKLEGEREITLGFVDLLRDDYIEKDRSRGIYFTQDWVSMPGVIPVASGGIHVWHMPALTEIFGDDSVLQFGGGTLGHPWGNAPGAVANRVALEACVQARNEGRDLAREGNEIIRQAATWSPELAAA
Calamagrostis_inexpansa,3.3,TETKASVGFKAGVKDYKLTYYTPEYETKDTDILAAFRVTPQPGVPPEEAGAAVAAESSTGTWTTVWTDGLTSLDRYKGRCYHIEPVAGEDNQWICYVAYPLDLFEEGSVTNMFTSIVGNVFGFKALRALRLEDLRIPPAYTKTFQGPPHGIQVERDKLNKYGRPLLGCTIKPKLGLSAKNYGRACYECLRGGLDFTKDDENVNSQPFMRWRDRFVFCAEAIYKAQAETGEIKGHYLNATAGTCEEMIKRAVFARELGVPIVMHDYITGGFTANTSLAQYCRDNGLLLHIHRAMHAVIDRQKNHGMHFRVLAKALRMSGGDHIHAGTVVGKLEGEREMTLGFVDLLRDDFIEKDRARGIFFTQDWVSLPGVIPVASGGIHVWHMPALTEIFGDDSVLQFGGGTLGHPWGNAPGAAANRVALEACVQARNEGRDLAREGNEIIRAACKWSPELAAA
Triticum_dicoccon1,3.6,TETKAGVGFKAGVKDYKLTYYTPEYETKDTDILAAFRVSPQPGVPPEEAGAAVAAESSTGTWTTVWTDGLTSLDRYKGRCYHIEPVAGEDSQWICYVAYPLDLFEEGSVTNMFTSIVGNVFGFKALRALRLEDLRIPPTYSKTFQGPPHGIQVERDKLNKYGRPLLGCTIKPKLGLSAKNYGRACYECLRGGLDFTKDDENVNSQPFMRWRDRFVFCAEAIYKSQAETGEIKGHYLNATAGTCEEMIKRAVFARELGVPIVMHDYLTGGFTANTTLAHYCRDNGLLLHIHRAMHAVIDRQKNHGMHFRVLAKALRMSGGDHIHSGTVVGKLEGEREMTLGFVDLLRDDFIEKDRARGIFFTQDWVSMPGVIPVASGGIHVWHMPALTEIFGDDSVLQFGGGTLGHPWGNAPGAAANRVALEACVQARNEGRDLAREGNEIIRAACKWSPELAAA
Triticum_aestivum_SATYN1,3.3,TETKAGVGFKAGVKDYKLTYYTPEYETKDTDILAAFRVSPQPGVPPEEAGAAVAAESSTGTWTTVWTDGLTSLDRYKGRCYHIEPVAGEDSQWICYVAYPLDLFEEGSVTNMFTSIVGNVFGFKALRALRLEDLRIPPTYSKTFQGPPHGIQVERDKLNKYGRPLLGCTIKPKLGLSAKNYGRACYECLRGGLDFTKDDENVNSQPFMRWRDRFVFCAEAIYKSQAETGEIKGHYLNATAGTCEEMIKRAVFARELGVPIVMHDYLTGGFTANTTLAHYCRDNGLLLHIHRAMHAVIDRQKNHGMHFRVLAKALRMSGGDHIHSGTVVGKLEGEREMTLGFVDLLRDDFIEKDRARGIFFTQDWVSMPGVIPVASGGIHVWHMPALTEIFGDDSVLQFGGGTLGHPWGNAPGAAANRVALEACVQARNEGRDLAREGNEIIRAACKWSPELAAA
Coffee_arabica,2.1,TETKASVGFKAGVKEYKLTYYTPEYETKDTDILAAFRVTPQPGVPPEEAGAAVAAESSTGTWTAVWTDGLTSLDRYKGRCYHIEPVPGEENQYIAYVAYPLDLFEEGSVTNMFTSIVGNVFGFKALRALRLEDLRVPPAYIKTFQGPPHGIQVERDKLNKYGRPLLGCTIKPKLGLSAKNYGRAVYECLRGGLDFTKDDENVNSQPFMRWRDRFCFCAEALFKAQAETGEIKGHYLNATAGTCEEMIKRAVFARELGVPIVMHDYLTGGFTANTSLAHYCRDNGLLLHIHRAMHAVIDRQKNHGMHFRVLAKGLRMSGGDHIHAGTVVGKLEGERDITLGFVDLLRDDFIEKDRSRGIYFTQDWVSLPGVIPVASGGIHVWHMPALTEIFGDDSVLQFGGGTLGHPWGNAPGAVANRVALEACVKARNEGRDLAAEGNEIIREASKWSPELAAA
Oryza_barthii/glaberrima,2.5,TETKASVGFKAGVKDYKLTYYTPEYETKDTDILAAFRVTPQPGVPPEEAGAAVAAESSTGTWTTVWTDGLTSLDRYKGRCYHIEPVVGEDNQYIAYVAYPLDLFEEGSVTNMFTSIVGNVFGFKALRALRLEDLRIPPTYSKTFQGPPHGIQVERDKLNKYGRPLLGCTIKPKLGLSAKNYGRACYECLRGGLDFTKDDENVNSQPFMRWRDRFVFCAEAIYKSQAETGEIKGHYLNATAGTCEEMIKRAVFARELGVPIVMHDYLTGGFTANTSLAHYCRDNGLLLHIHRAMHAVIDRQKNHGMHFRVLAKALRMSGGDHIHAGTVVGKLEGEREMTLGFVDLLRDDFIEKDRARGIFFTQDWVSMPGVIPVASGGIHVWHMPALTEIFGDDSVLQFGGGTLGHPWGNAPGAAANRVALEACVQARNEGRDLAREGNEIIRSACKWSPELAAA
Oryza_sativa_subsp._Indica,2.2,TETKASVGFKAGVKDYKLTYYTPEYETKDTDILAAFRVTPQPGVPPEEAGAAVAAESSTGTWTTVWTDGLTSLDRYKGRCYHIEPVVGEDNQYIAYVAYPLDLFEEGSVTNMFTSIVGNVFGFKALRALRLEDLRIPPTYSKTFQGPPHGIQVERDKLNKYGRPLLGCTIKPKLGLSAKNYGRACYECLRGGLDFTKDDENVNSQPFMRWRDRFVFCAEAIYKSQAETGEIKGHYLNATAGTCEEMIKRAVFARELGVPIVMHDYLTGGFTANTSLAHYCRDNGLLLHIHRAMHAVIDRQKNHGMHFRVLAKALRMSGGDHIHAGTVVGKLEGEREMTLGFVDLLRDDFIEKDRARGIFFTQDWVSMPGVIPVASGGIHVWHMPALTEIFGDDSVLQFGGGTLGHPWGNAPGAAANRVALEACVQARNEGRDLAREGNEIIRSACKWSPELAAA
Limonium_antonii-llorensii,2.4,TETKSFVGFKAGVKDYKLTYYTPEYETLDTDILAAFRVTPQPGVPPEEAGAAVAAESSTGTWTTVWTDGLTNLDRYKGRCYHIEPVAGEESQFIAYVAYPLDLFEEGSVTNMFTSIVGNVFGFKALRALRLEDLRIPPAYSKTFQGPPHGIQVERDKLNKYGRPLLGCTIKPKLGLSAKNYGRAVYECLRGGLDFTKDDENVNSQPFMRWRDRFLFCTEAIYKAQAETGEVKGHYLNATAATSEEMIKRAACARELGVPIVMHDYLTGGFTSNTSLAHYCRDNGLLLHIHRAMHAVIDRQKNHGMHFRVLAKALRMSGGDHIHAGTVVGKLEGEREITLGFVDLLRDDYIEKDRSRGIYFTQDWVSMPGVIPVASGGIHVWHMPALTEIFGDDSVLQFGGGTLGHPWGNAPGAVANRVALEACVQARNEGRDLAREGNEIIRQAATWSPELAAA
Steinchisma_laxa,2.3,TETKASVGFKAGVKDYKLTYYTPEYETKDTDILAAFRVTPQPGVPPEEAGAAVAAESSTGTWTTVWTDGLTSLDRYKGRCYHIEPVPGEGDQYICYVAYPLDLFEEGSVTNMFTSIVGNVFGFKALRALRLEDLRIPPTYSKTFQGPPHGIQVERDKLNKYGRPLLGCTIKPKLGLSAKNYGRACYECLRGGLDFTKDDENVNSQPFMRWRDRFVFCAEAIYKSQAETGEIKGHYLNATAGTCEEMIKRAVFARELGVPIVMHDYLTGGFTANTSLAHYCRDNGLLLHIHRAMHAVIDRQKNHGMHFRVLAKALRMSGGDHIHAGTVVGKLEGEREITLGFVDLLRDDFIEKDRSRGIFFTQDWVSMPGVIPVASGGIHVWHMPALTEIFGDDSVLQFGGGTLGHPWGNAPGAAANRVALEACVQARNEGRDLAREGNEIIKAACKWSPELAAA
Pueraria_montana,2.7,TETKASVGFKAGVKDYKLTYYTPDYETKDTDILAAFRVTPQPGVPPEEAGAAVAAESSTGTWTTVWTDGLTSLDRYKGRCYHLEPVAGEENQYIAYVAYPLDLFEEGSVTNMFTSIVGNVFGFKALRALRLEDLRIPISYIKTFQGPPHGIQVERDKLNKYGRPLLGCTIKPKLGLSAKNYGRAVYECLRGGLDFTKDDENVNSQPFMRWRDRFLFCAEAIFKSQAETGEIKGHYLNATAGTCEEMMKRAVFARELGVPIVMHDYLTGGFTANTSLAHYCRDNGLLLHIHRAMHAVIDRQKNHGMHFRVLAKALRLSGGDHVHAGTVVGKLEGEREITLGFVDLLRDDFIEKDRSRGIYFTQDWVSLPGVLPVASGGIHVWHMPALTEIFGDDSVLQFGGGTLGHPWGNAPGAVANRVALEACVQARNEGRDLAREGNEIIREASKWSPELAAA
Dactylis_glomerata_cv._Porto,3.2,TETKASVGFQAGVKDYKLTYYTPEYETKDTDILAAFRVTPQPGVPPEEAGAAVAAESSTGTWTTVWTDGLTSLDRYKGRCYHIEPVAGEDNQWICYVAYPLDLFEEGSVTNMFTSIVGNVFGFKALRALRLEDLRIPPAYTKTFQGPPHGIQVERDKLNKYGRPLLGCTIKPKLGLSAKNYGRACYECLRGGLDFTKDDENVNSQPFMRWRDRFVFCAEAIYKAQAETGEIKGHYLNATAGTCEEMIKRAVFARELGVPIVMHDYITGGFTANTTLAHYCRDNGLLLHIHRAMHAVIDRQKNHGMHFRVLAKALRMSGGDHIHAGTVVGKLEGEREMTLGFVDLLRDDFIEKDRARGIFFTQDWVSLPGVIPVASGGIHVWHMPALTEIFGDDSVLQFGGGTLGHPWGNAPGAAANRVALEACVQARNEGRDLAREGNEIIRAACKWSPELAAA
oryza_sativa_subsp._Japonica,2.8,TETKASVGFKAGVKDYKLTYYTPEYETKDTDILAAFRVTPQPGVPPEEAGAAVAAESSTGTWTTVWTDGLTSLDRYKGRCYHIEPVVGEDNQYIAYVAYPLDLFEEGSVTNMFTSIVGNVFGFKALRALRLEDLRIPPTYSKTFQGPPHGIQVERDKLNKYGRPLLGCTIKPKLGLSAKNYGRACYECLRGGLDFTKDDENVNSQPFMRWRDRFVFCAEAIYKSQAETGEIKGHYLNATAGTCEEMIKRAVFARELGVPIVMHDYLTGGFTANTSLAHYCRDNGLLLHIHRAMHAVIDRQKNHGMHFRVLAKALRMSGGDHIHAGTVVGKLEGEREMTLGFVDLLRDDFIEKDRARGIFFTQDWVSMPGVIPVASGGIHVWHMPALTEIFGDDSVLQFGGGTLGHPWGNAPGAAANRVALEACVQARNEGRDLAREGNEIIRSACKWSPELAAA
Brachypodium_distachyon,2.1,TETKASVGFKAGVKDYRLTYYTPEYETKDTDILAAFRVSPQPGVPPEEAGAAVAAESSTGTWTTVWTDGLTSLDRYKGRCYHIEPVPGEDSQWICYVAYPLDLFEEGSVTNMFTSIVGNVFGFKALRALRLEDLRIPPTYSKTFQGPPHGIQVERDKLNKYGRPLLGCTIKPKLGLSAKNYGRACYECLRGGLDFTKDDENVNSQPFMRWRDRFVFCAEAIYKSQAETGEIKGHYLNATAGTCEEMMKRAVFARELGVPIVMHDYLTGGFTANTTLAHYCRDNGLLLHIHRAMHAVIDRQKNHGMHFRVLAKALRMSGGDHIHAGTVVGKLEGEREITLGFVDLLRDDFIEKDRARGIFFTQDWVSMPGVIPVASGGIHVWHMPALTEIFGDDSVLQFGGGTLGHPWGNAPGAAANRVALEACVQARNEGRDLAREGNEIIRAACKWSPELAAA
Citrullus_lanatus_var._lanatus,2.5,TETKASVGFKAGVKDYKLTYYTPEYETKDTDILAAFRVTPQPGVPPEEAGAAVAAESSTGTWTTVWTDGLTSLDRYKGRCYGIEPVPGEENQYIAYVAYPLDLFEEGSVTNMFTSIVGNVFGFKALRALRLEDLRIPTAYIKTFQGPPHGIQVERDKLNKYGRPLLGCTIKPKLGLSAKNYGRAVYECLRGGLDFTKDDENVNSQPFMRWRDRFLFCAEAIYKSQAETGEIKGHYLNATAGTCEEMMKRAVFARELGVPIVMHDYLTGGFTANTSLAHYCRDNGLLLHIHRAMHAVIDRQKNHGMHFRVLAKALRMSGGDHIHAGTVVGKLEGEREITLGFVDLLRDDFIEKDRSRGIYFTQDWVSLPGVLPVASGGIHVWHMPALTEIFGDDSVLQFGGGTLGHPWGNAPGAVANRVALEACVQARNEGRDLAREGNEIIREASKWSPELAAA
Blitum_petiolare,4.4,TETKASVGFKAGVKDYKLTYYTPEYETQDTDILAAFRVSPQPGVPPEEAGAAVAAESSTGTWTTVWTDGLTSLDRYKGRCYHIEPVAGEENQYICYVAYPLDLFEEGSVTNMFTSIVGNVFGFKALRALRLEDLRIPVAYIKTFQGPPHGIQVERDKLNKYGRPLLGCTIKPKLGLSAKNYGRACYECLRGGLDFTKDDENVNSQPFMRWRDRFLFCAEAIYKAQAETGEIKGHYLNATAATCEEMIKRAVFARELGAPIVMHDYLTGGFTANTSLAHYCRDNGLLLHIHRAMHAVIDRQKNHGMHFRVLAKALRLSGGDHIHSGTVVGKLEGERDITLGFVDLLRDDYTEKDRSRGIYFTQSWVSTPGVLPVASGGIHVWHMPALTEIFGDDSVLQFGGGTLGHPWGNAPGAVANRVALEACVQARNEGRDLAREGNTIIREASKWSPELAAA
Chenopodiastrum_murale,4.4,TETKASVGFKAGVKDYKLTYYTPEYETQDTDILAAFRVSPQPGVPPEEAGAAVAAESSTGTWTTVWTDGLTSLDRYKGRCYHIEPVAGEENQYICYVAYPLDLFEEGSVTNMFTSIVGNVFGFKALRALRLEDLRIPVAYIKTFQGPPHGIQVERDKLNKYGRPLLGCTIKPKLGLSAKNYGRAVYECLRGGLDFTKDDENVNSQPFMRWRDRFLFCAEAINKAQAETGEIKGHYLNATAGTCEEMIKRAVFARELGVPIVMHDYITGGFTANTSLAHYCRDNGLLLHIHRAMHAVIDRQKNHGMHFRVLAKALRLSGGDHIHSGTVVGKLEGERDITLGFVDLLRDDYTEKDRSRGIYFTQSWVSTPGVLPVASGGIHVWHMPALTEIFGDDSVLQFGGGTLGHPWGNAPGAVANRVALEACVQARNEGRDLAREGNTIIREASKWSPELAAA
Citrullus_lanatus,2.5,TETKASVGFKAGVKDYKLTYYTPEYETKDTDILAAFRVTPQPGVPPEEAGAAVAAESSTGTWTTVWTDGLTSLDRYKGRCYGIEPVPGEENQYIAYVAYPLDLFEEGSVTNMFTSIVGNVFGFKALRALRLEDLRIPTAYIKTFQGPPHGIQVERDKLNKYGRPLLGCTIKPKLGLSAKNYGRAVYECLRGGLDFTKDDENVNSQPFMRWRDRFLFCAEAIYKSQAETGEIKGHYLNATAGTCEEMMKRAVFARELGVPIVMHDYLTGGFTANTSLAHYCRDNGLLLHIHRAMHAVIDRQKNHGMHFRVLAKALRMSGGDHIHAGTVVGKLEGEREITLGFVDLLRDDFIEKDRSRGIYFTQDWVSLPGVLPVASGGIHVWHMPALTEIFGDDSVLQFGGGTLGHPWGNAPGAVANRVALEACVQARNEGRDLAREGNEIIREASKWSPELAAA
Hordeum_vulgare,3.99,TETKAGVGFQAGVKDYKLTYYTPEYETKDTDILAAFRVSPQPGVPPEEAGAAVAAESSTGTWTTVWTDGLTSLDRYKGRCYHIEPVAGEDSQWICYVAYPLDLFEEGSVTNMFTSIVGNVFGFKALRALRLEDLRIPPTYSKTFQGPPHGIQVERDKLNKYGRPLLGCTIKPKLGLSAKNYGRACYECLRGGLDFTKDDENVNSQPFMRWRDRFVFCAEAIYKSQAETGEIKGHYLNATAGTCEEMIKRAVFARELGVPIVMHDYLTGGFTANTTLAHYCRDNGLLLHIHRAMHAVIDRQKNHGMHFRVLAKALRMSGGDHIHSGTVVGKLEGEREMTLGFVDLLRDDFIEKDRARGIFFTQDWVSMPGVIPVASGGIHVWHMPALTEIFGDDSVLQFGGGTLGHPWGNAPGAAANRVALEACVQARNEGRDLAREGNEIIRAACKWSPELAAA
Lolium_giganteum,5.1,TETKASVGFQAGVKDYKLTYYTPEYETKDTDILAAFRVTPQPGVPPEEAGAAVAAESSTGTWTTVWTDGLTSLDRYKGRCYHIEPVAGEDNQWICYVAYPLDLFEEGSVTNMFTSIVGNVFGFKALRALRLEDLRIPVAYSKTFQGPPHGIQVERDKLNKYGRPLLGCTIKPKLGLSAKNYGRACYECLRGGLDFTKDDENVNSQPFMRWRDRFVFCAEALYKAQAETGEIKGHYLNATAGTCEEMIKRAVFARELGVPIVMHDYITGGFTANTSLAHYCRDNGLLLHIHRAMHAVIDRQKNHGMHFRVLAKALRMSGGDHIHSGTVVGKLEGEREMTLGFVDLLRDDFIEKDRARGIFFTQDWASMPGVIPVASGGIHVWHMPALTEIFGDDSVLQFGGGTLGHPWGNAPGAAANRVALEACVQARNEGRDLAREGNEIIRAACKWSPELAAA
Oryza_barthii_x_Oryza_glaberrima,2.5,TETKASVGFKAGVKDYKLTYYTPEYETKDTDILAAFRVTPQPGVPPEEAGAAVAAESSTGTWTTVWTDGLTSLDRYKGRCYHIEPVVGEDNQYIAYVAYPLDLFEEGSVTNMFTSIVGNVFGFKALRALRLEDLRIPPTYSKTFQGPPHGIQVERDKLNKYGRPLLGCTIKPKLGLSAINYGRACYECLRGGLDFTKDDENVNSQPFMRWRDRFVFCAEAIYKSQAETGEIKGHYLNATAGTCEEMIKRAVFARELGVPIVMHDYLTGGFTANTSLAHYCRDNGLLLHIHRAMHAVIDRQKNHGMHFRVLAKALRMSGGDHIHAGTVVGKLEGEREMTLGFVDLLRDDFIEKDRARGIFFTQDWVSMPGVIPVASGGIHVWHMPALTEIFGDDSVLQFGGGTLGHPWGNAPGAAANRVALEACVQARNEGRDLAREGNEIIRSACKWSPELAAA
Oryza_glaberrima,2.7,TETKASVGFKAGVKDYKLTYYTPEYETKDTDILAAFRVTPQPGVPPEEAGAAVAAESSTGTWTTVWTDGLTSLDRYKGRCYHIEPVVGEDNQYIAYVAYPLDLFEEGSVTNMFTSIVGNVFGFKALRALRLEDLRIPPTYSKTFQGPPHGIQVERDKLNKYGRPLLGCTIKPKLGLSAKNYGRACYECLRGGLDFTKDDENVNSQPFMRWRDRFVFCAEAIYKSQAETGEIKGHYLNATAGTCEEMIKRAVFARELGVPIVMHDYLTGGFTANTSLAHYCRDNGLLLHIHRAMHAVIDRQKNHGMHFRVLAKALRMSGGDHIHAGTVVGKLEGEREMTLGFVDLLRDDFIEKDRARGIFFTQDWVSMPGVIPVASGGIHVWHMPALTEIFGDDSVLQFGGGTLGHPWGNAPGAAANRVALEACVQARNEGRDLAREGNEIIRSACKWSPELAAA
Oryza_glumipatula,2.4,TETKASVGFKAGVKDYKLTYYTPEYETKDTDILAAFRVTPQPGVPPEEAGAAVAAESSTGTWTTVWTDGLTSLDRYKGRCYHIEPVVGEENQYIAYVAYPLDLFEEGSVTNMFTSIVGNVFGFKALRALRLEDLRIPPTYSKTFQGPPHGIQVERDKLNKYGRPLLGCTIKPKLGLSAKNYGRACYECLRGGLDFTKDDENVNSQPFMRWRDRFVFCAEAIYKSQAETGEIKGHYLNATAGTCEEMIKRAVFARELGVPIVMHDYLTGGFTANTSLAHYCRDNGLLLHIHRAMHAVIDRQKNHGMHFRVLAKALRMSGGDHIHAGTVVGKLEGEREMTLGFVDLLRDDFIEKDRARGIFFTQDWVSMPGVIPVASGGIHVWHMPALTEIFGDDSVLQFGGGTLGHPWGNAPGAAANRVALEACVQARNEGRDLAREGNEIIRAACKWSPELAAA
Oryza_sativa_Indica_Group,2.2,TETKASVGFKAGVKDYKLTYYTPEYETKDTDILAAFRVTPQPGVPPEEAGAAVAAESSTGTWTTVWTDGLTSLDRYKGRCYHIEPVVGEDNQYIAYVAYPLDLFEEGSVTNMFTSIVGNVFGFKALRALRLEDLRIPPTYSKTFQGPPHGIQVERDKLNKYGRPLLGCTIKPKLGLSAKNYGRACYECLRGGLDFTKDDENVNSQPFMRWRDRFVFCAEAIYKSQAETGEIKGHYLNATAGTCEEMIKRAVFARELGVPIVMHDYLTGGFTANTSLAHYCRDNGLLLHIHRAMHAVIDRQKNHGMHFRVLAKALRMSGGDHIHAGTVVGKLEGEREMTLGFVDLLRDDFIEKDRARGIFFTQDWVSMPGVIPVASGGIHVWHMPALTEIFGDDSVLQFGGGTLGHPWGNAPGAAANRVALEACVQARNEGRDLAREGNEIIRSACKWSPELAAA
Oryza_sativa_Japonica_Group,2.8,TETKASVGFKAGVKDYKLTYYTPEYETKDTDILAAFRVTPQPGVPPEEAGAAVAAESSTGTWTTVWTDGLTSLDRYKGRCYHIEPVVGEDNQYIAYVAYPLDLFEEGSVTNMFTSIVGNVFGFKALRALRLEDLRIPPTYSKTFQGPPHGIQVERDKLNKYGRPLLGCTIKPKLGLSAKNYGRACYECLRGGLDFTKDDENVNSQPFMRWRDRFVFCAEAIYKSQAETGEIKGHYLNATAGTCEEMIKRAVFARELGVPIVMHDYLTGGFTANTSLAHYCRDNGLLLHIHRAMHAVIDRQKNHGMHFRVLAKALRMSGGDHIHAGTVVGKLEGEREMTLGFVDLLRDDFIEKDRARGIFFTQDWVSMPGVIPVASGGIHVWHMPALTEIFGDDSVLQFGGGTLGHPWGNAPGAAANRVALEACVQARNEGRDLAREGNEIIRSACKWSPELAAA
Oxybasis_rubra,4.1,TETKASVGFKAGVKDYKLTYYTPEYETLDTDILAAFRVSPQPGVPPEEAGAAVAAESSTGTWTTVWTDGLTNLDRYKGRCYHIEPVAGEENQYICYVAYPLDLFEEGSVTNMFTSIVGNVFGFKALRALRLEDLRIPVAYIKTFQGPPHGIQVERDKLNKYGRPLLGCTIKPKLGLSAKNYGRACYECLRGGLDFTKDDENVNSQPFMRWRDRFLFCAEAIYKAQAETGEIKGHYLNATAATCEEMIKRAVFARELGVPIVMHDYLTGGFTANTSLAHYCRDNGLLLHIHRAMHAVIDRQKNHGMHFRVLAKALRLSGGDHIHSGTVVGKLEGERDITLGFVDLLRDDYTEKDRSRGIYFTQSWVSTPGVLPVASGGIHVWHMPALTEIFGDDSVLQFGGGTLGHPWGNAPGAVANRVALEACVQARNEGRDLATEGNTIIRELQTWSPELAAA
Secale_cereale_x_Triticum_aestivum,3.46,TETKAGVGFKAGVKDYKLTYYTPEYETKDTDILAAFRVSPQPWVPPEEAGAAVAAESSTGTWTTVWTDGLTSLDRYKGRCYHIEPVAGEDSQWICYVAYPLDLFEEGSVTNMFTSIVGNVFGFKALRALRLEDLRIPPTYSKTFQGPPHGIQVERDKLNKYGRPLLGCTIKPKLGLSAKNYGRACYECLRGGLDFTKDDENVNSQPFMRWRDRFVFCAEAIYKSQAETGEIKGHYLNATAGTCEEMIKRAVFARELGVPIVMHDYLTGGFTANTTLAHYCRDNGLLLHIHRAMHAVIDRQKNHGMHFRVLAKALRMSGGDHIHSGTVVGKLEGEREMTLGFVDLLRDDFIEKDRARGIFFTQDWVSMPGVIPVASGGIHVWHMPALTEIFGDDSVLQFGGGTLGHPWGNAPGAAANRVALEACVQARNEGRDLAREGNEIIRAACKWSPELAAA
Steinchisma_laxum,2.3,TETKASVGFKAGVKDYKLTYYTPEYETKDTDILAAFRVTPQPGVPPEEAGAAVAAESSTGTWTTVWTDGLTSLDRYKGRCYHIEPVPGEGDQYICYVAYPLDLFEEGSVTNMFTSIVGNVFGFKALRALRLEDLRIPPTYSKTFQGPPHGIQVERDKLNKYGRPLLGCTIKPKLGLSAKNYGRACYECLRGGLDFTKDDENVNSQPFMRWRDRFVFCAEAIYKSQAETGEIKGHYLNATAGTCEEMIKRAVFARELGVPIVMHDYLTGGFTANTSLAHYCRDNGLLLHIHRAMHAVIDRQKNHGMHFRVLAKALRMSGGDHIHAGTVVGKLEGEREITLGFVDLLRDDFIEKDRSRGIFFTQDWVSMPGVIPVASGGIHVWHMPALTEIFGDDSVLQFGGGTLGHPWGNAPGAAANRVALEACVQARNEGRDLAREGNEIIKAACKWSPELAAA
Triticum_monococcum_subsp._aegilopoides,3.8,TETKAGVGFQAGVKDYKLTYYTPEYETKDTDILAAFRVSPQPGVPPEEAGAAVAAESSTGTWTTVWTDGLTSLDRYKGRCYHIEPVAGEDNQWICYVAYPLDLFEEGSVTNMFTSIVGNVFGFKALRALRLEDLRIPPTYSKTFQGPPHGIQVERDKLNKYGRPLLGCTIKPKLGLSAKNYGRACYECLRGGLDFTKDDENVNSQPFMRWRDRFVFCAEAIYKSQAETGEIKGHYLNATAGTCEEMIKRAVFARELGVPIVMHDYLTGGFTANTTLAHYCRDNGLLLHIHRAMHAVIDRQKNHGMHFRVLAKALRMSGGDHIHSGTVVGKLEGEREMTLGFVDLLRDDFIEKDRARGIFFTQDWVSMPGVIPVASGGIHVWHMPALTEIFGDDSVLQFGGGTLGHPWGNAPGAAANRVALEACVQARNEGRDLAREGNEIIRAACKWSPELAAA
Triticum_dicoccon,3.55,TETKAGVGFKAGVKDYKLTYYTPEYETKDTDILAAFRVSPQPGVPPEEAGAAVAAESSTGTWTTVWTDGLTSLDRYKGRCYHIEPVAGEDSQWICYVAYPLDLFEEGSVTNMFTSIVGNVFGFKALRALRLEDLRIPPTYSKTFQGPPHGIQVERDKLNKYGRPLLGCTIKPKLGLSAKNYGRACYECLRGGLDFTKDDENVNSQPFMRWRDRFVFCAEAIYKSQAETGEIKGHYLNATAGTCEEMIKRAVFARELGVPIVMHDYLTGGFTANTTLAHYCRDNGLLLHIHRAMHAVIDRQKNHGMHFRVLAKALRMSGGDHIHSGTVVGKLEGEREMTLGFVDLLRDDFIEKDRARGIFFTQDWVSMPGVIPVASGGIHVWHMPALTEIFGDDSVLQFGGGTLGHPWGNAPGAAANRVALEACVQARNEGRDLAREGNEIIRAACKWSPELAAA
Calamagrostis_stricta_subsp._inexpansa,3.3,TETKASVGFKAGVKDYKLTYYTPEYETKDTDILAAFRVTPQPGVPPEEAGAAVAAESSTGTWTTVWTDGLTSLDRYKGRCYHIEPVAGEDNQWICYVAYPLDLFEEGSVTNMFTSIVGNVFGFKALRALRLEDLRIPPAYTKTFQGPPHGIQVERDKLNKYGRPLLGCTIKPKLGLSAKNYGRACYECLRGGLDFTKDDENVNSQPFMRWRDRFVFCAEAIYKAQAETGEIKGHYLNATAGTCEEMIKRAVFARELGVPIVMHDYITGGFTANTSLAQYCRDNGLLLHIHRAMHAVIDRQKNHGMHFRVLAKALRMSGGDHIHAGTVVGKLEGEREMTLGFVDLLRDDFIEKDRARGIFFTQDWVSLPGVIPVASGGIHVWHMPALTEIFGDDSVLQFGGGTLGHPWGNAPGAAANRVALEACVQARNEGRDLAREGNEIIRAACKWSPELAAA
