species_Name,sco,sequence
Aegilops_biuncialis,96.3,TETKAGVGFQAGVKDYKLTYYTPEYETKDTDILAAFRVSPQPGVPPEEAGAAVAAESSTGTWTTVWTDGLTSLDRYKGRCYHIEPVAGEDNQWICYVAYPLDLFEEGSVTNMFTSIVGNVFGFKALRALRLEDLRIPPTYSKTFQGPPHGIQVERDKLNKYGRPLLGCTIKPKLGLSAKNYGRACYECLRGGLDFTKDDENVNSQPFMRWRDRFVFCAEAIYKSQAETGEIKGHYLNATAGTCEEMIKRAVFARELGVPIVMHDYLTGGFTANTTLAHYCRDNGLLLHIHRAMHAVIDRQKNHGMHFRVLAKALRMSGGDHIHSGTVVGKLEGEREMTLGFVDLLRDDFIEKDRARGIFFTQDWVSMPGVIPVASGGIHVWHMPALTEIFGDDSVLQFGGGTLGHPWGNAPGAAANRVALEACVQARNEGRDLAREGNEIIRAACKWSPELAAA
Aegilops_comosa,106.0,TETKAGVGFQAGVKDYKLTYYTPEYETKDTDILAAFRVSPQPGVPPEEAGAAVAAESSTGTWTTVWTDGLTSLDRYKGRCYHIEPVAGEDNQWICYVAYPLDLFEEGSVTNMFTSIVGNVFGFKALRALRLEDLRIPPTYSKTFQGPPHGIQVERDKLNKYGRPLLGCTIKPKLGLSAKNYGRACYECLRGGLDFTKDDENVNSQPFMRWRDRFVFCAEAIYKSQAETGEIKGHYLNATAGTCEEMIKRAVFARELGVPIVMHDYLTGGFTANTTLAHYCRDNGLLLHIHRAMHAVIDRQKNHGMHFRVLAKALRMSGGDHIHSGTVVGKLEGEREMTLGFVDLLRDDFIEKDRARGIFFTQDWVSMPGVIPVASGGIHVWHMPALTEIFGDDSVLQFGGGTLGHPWGNAPGAAANRVALEACVQARNEGRDLAREGNEIIRAACKWSPELAAA
Aegilops_cylindrica,109.0,TETKAGVGFQAGAKDYKLTYYTPEYETKDTDILAAFRVSPQPGVPPEEAGAAVAAESSTGTWTTVWTDGLTSLDRYKGRCYHIEPVAGEDNQWICYVAYPLDLFEEGSVTNMFTSIVGNVFGFKALRALRLEDLRIPPTYSKTFQGPPHGIQVERDKLNKYGRPLLGCTIKPKLGLSAKNYGRACYECLRGGLDFTKDDENVNSQPFMRWRDRFVFCAEAIYKSQAETGEIKGHYLNATAGTCEEMIKRAVFARELGVPIVMHDYLTGGFTANTTLAHYCRDNGLLLHIHRAMHAVIDRQKNHGMHFRVLAKALRMSGGDHIHSGTVVGKLEGEREMTLGFVDLLRDDFIEKDRARGIFFTQDWVSMPGVIPVASGGIHVWHMPALTEIFGDDSVLQFGGGTLGHPWGNAPGAAANRVALEACVQARNEGRDLAREGNEIIRAACKWSPELAAA
Aegilops_juvenalis,90.4,TETKAGVGFQAGVKDYKLTYYTPEYETKDTDILAAFRVSPQPGVPPEEAGAAVAAESSTGTWTTVWTDGLTSLDRYKGRCYHIEPVAGEDNQWICYVAYPLDLFEEGSVTNMFTSIVGNVFGFKALRALRLEDLRIPPTYSKTFQGPPHGIQVERDKLNKYGRPLLGCTIKPKLGLSAKNYGRACYECLRGGLDFTKDDENVNSQPFMRWRDRFVFCAEAIYKSQAETGEIKGHYLNATAGTCEEMIKRAVFARELGVPIVMHDYLTGGFTANTTLAHYCRDNGLLLHIHRAMHAVIDRQKNHGMHFRVLAKALRMSGGDHIHSGTVVGKLEGEREMTLGFVDLLRDDFIEKDRARGIFFTQDWVSMPGVIPVASGGIHVWHMPALTEIFGDDSVLQFGGGTLGHPWGNAPGAAANRVALEACVQARNEGRDLAREGNEIIRAACKWSPELAAA
Aegilops_speltoides,102.0,TETKAGVGFKAGVKDYKLTYYTPEYETKDTDILAAFRVSPQPGVPPEEAGAAVAAESSTGTWTTVWTDGLTSLDRYKGRCYHIEPVAGEDSQWICYVAYPLDLFEEGSVTNMFTSIVGNVFGFKALRALRLEDLRIPPTYSKTFQGPPHGIQVERDKLNKYGRPLLGCTIKPKLGLSAKNYGRACYECLRGGLDFTKDDENVNSQPFMRWRDRFVFCAEAIYKSQAETGEIKGHYLNATAGTCEEMIKRAVFARELGVPIVMHDYLTGGFTANTTLAHYCRDNGLLLHIHRAMHAVIDRQKNHGMHFRVLAKALRMSGGDHIHSGTVVGKLEGEREMTLGFVDLLRDDFIEKDRARGIFFTQDWVSMPGVIPVASGGIHVWHMPALTEIFGDDSVLQFGGGTLGHPWGNAPGAAANRVALEACVQARNEGRDLAREGNEIIRAACKWSPELAAA
Aegilops_tauschii,107.0,TETKAGVGFQAGVKDYKLTYYTPEYETKDTDILAAFRVSPQPGVPPEEAGAAVAAESSTGTWTTVWTDGLTSLDRYKGRCYHIEPVAGEDNQWICYVAYPLDLFEEGSVTNMFTSIVGNVFGFKALRALRLEDLRIPPTYSKTFQGPPHGIQVERDKLNKYGRPLLGCTIKPKLGLSAKNYGRACYECLRGGLDFTKDDENVNSQPFMRWRDRFVFCAEAIYKSQAETGEIKGHYLNATAGTCEEMIKRAVFARELGVPIVMHDYLTGGFTANTTLAHYCRDNGLLLHIHRAMHAVIDRQKNHGMHFRVLAKALRMSGGDHIHSGTVVGKLEGEREMTLGFVDLLRDDFIEKDRARGIFFTQDWVSMPGVIPVASGGIHVWHMPALTEIFGDDSVLQFGGGTLGHPWGNAPGAAANRVALEACVQARNEGRDLAREGNEIIRAACKWSPELAAA
Aegilops_triuncialis,103.0,TETKAGVGFQAGVKDYKLTYYTPEYETKDTDILAAFRVSPQPGVPPEEAGAAVAAESSTGTWTTVWTDGLTSLDRYKGRCYHIEPVAGEDNQWICYVAYPLDLFEEGSVTNMFTSIVGNVFGFKALRALRLEDLRIPPTYSKTFQGPPHGIQVERDKLNKYGRPLLGCTIKPKLGLSAKNYGRACYECLRGGLDFTKDDENVNSQPFMRWRDRFVFCAEAIYKSQAETGEIKGHYLNATAGTCEEMIKRAVFARELGVPIVMHDYLTGGFTANTTLAHYCRDNGLLLHIHRAMHAVIDRQKNHGMHFRVLAKALRMSGGDHIHSGTVVGKLEGEREMTLGFVDLLRDDFIEKDRARGIFFTQDWVSMPGVIPVASGGIHVWHMPALTEIFGDDSVLQFGGGTLGHPWGNAPGAAANRVALEACVQARNEGRDLAREGNEIIRAACKWSPELAAA
Aegilops_uniaristata,102.0,TETKAGVGFQAGVKDYKLTYYTPEYETKDTDILAAFRVSPQPGVPPEEAGAAVAAESSTGTWTTVWTDGLTSLDRYKGRCYHIEPVAGEDNQWICYVAYPLDLFEEGSVTNMFTSIVGNVFGFKALRALRLEDLRIPPTYSKTFQGPPHGIQVERDKLNKYGRPLLGCTIKPKLGLSAKNYGRACYECLRGGLDFTKDDENVNSQPFMRWRDRFVFCAEAIYKSQAETGEIKGHYLNATAGTCEEMIKRAVFARELGVPIVMHDYLTGGFTANTTLAHYCRDNGLLLHIHRAMHAVIDRQKNHGMHFRVLAKALRMSGGDHIHSGTVVGKLEGEREMTLGFVDLLRDDFIEKDRARGIFFTQDWVSMPGVIPVASGGIHVWHMPALTEIFGDDSVLQFGGGTLGHPWGNAPGAAANRVALEACVQARNEGRDLAREGNEIIRAACKWSPELAAA
Aegilops_vavilovii,109.0,TETKAGVGFQAGVKDYKLTYYTPEYETKDTDILAAFRVSPQPGVPPEEAGAAVAAESSTGTWTTVWTDGLTSLDRYKGRCYHIEPVAGEDNQWICYVAYPLDLFEEGSVTNMFTSIVGNVFGFKALRALRLEDLRIPPTYSKTFQGPPHGIQVERDKLNKYGRPLLGCTIKPKLGLSAKNYGRACYECLRGGLDFTKDDENVNSQPFMRWRDRFVFCAEAIYKSQAETGEIKGHYLNATAGTCEEMIKRAVFARELGVPIVMHDYLTGGFTANTTLAHYCRDNGLLLHIHRAMHAVIDRQKNHGMHFRVLAKALRMSGGDHIHSGTVVGKLEGEREMTLGFVDLLRDDFIEKDRARGIFFTQDWVSMPGVIPVASGGIHVWHMPALTEIFGDDSVLQFGGGTLGHPWGNAPGAAANRVALEACVQARNEGRDLAREGNEIIRAACKWSPELAAA
Agriophyllum_squarrosum,93.9,TETKASVGFKAGVKDYKLTYYTPEYETQDTDILAAFRVSPQPGVPPEEAGAAVAAESSTGTWTTVWTDGLTSLDRYKGRCYHIEPVAGEENQYICYVAYPLDLFEEGSVTNMFTSIVGNVFGFKALRALRLEDLRIPVAYIKTFQGPPHGIQVERDKLNKYGRPLLGCTIKPKLGLSAKNYGRAVYECLRGGLDFTKDDENVNSQPFMRWRDRFLFCAEALYKAQTETGEIKGHYLNATAGTCEEMIKRAVFARELGVPIVMHDYLTGGFTANTSLAHYCRDNGLLLHIHRAMHAVIDRQKNHGMHFRVLAKALRLSGGDHIHSGTVVGKLEGERDITLGFVDLLRDDYTEKDRSRGIYFTQSWVSTPGVLPVASGGIHVWHMPALTEIFGDDSVLQFGGGTLGHPWGNAPGAVANRVALEACVQARNEGRDLATEGNAIIREASKWSPELAAA
Agrostis_scabra,103.0,TETKASVGFKAGVKDYKLTYYTPEYETKDTDILAAFRVTPQPGVPPEEAGAAVAAESSTGTWTTVWTDGLTSLDRYKGRCYHIEPVAGEDNQWICYVAYPLDLFEEGSVTNMFTSIVGNVFGFKALRALRLEDLRIPPAYTKTFQGPPHGIQVERDKLNKYGRPLLGCTIKPKLGLSAKNYGRACYECLRGGLDFTKDDENVNSQPFMRWRDRFVFCAEAIYKAQAETGEIKGHYLNATAGTCEEMIKRAVFARELGVPIVMHDYITGGFTANTSLAHYCRDNGLLLHIHRAMHAVIDRQKNHGMHFRVLAKALRMSGGDHIHAGTVVGKLEGEREMTLGFVDLLRDDFIEKDRARGIFFTQDWVSMPGVIPVASGGIHVWHMPALTEIFGDDSVLQFGGGTLGHPWGNAPGAAANRVALEACVQARNEGRDLAREGNEIIRAACKWSPELAAA
Agrostis_stolonifera,105.0,TETKASVGFKAGVKDYKLTYYTPEYETKDTDILAAFRVSPQPGVPPEEAGAAVAAESSTGTWTTVWTDGLTSLDRYKGRCYHIEPVAGEDSQWICYVAYPLDLFEEGSVTNMFTSIVGNVFGFKALRALRLEDLRIPPAYTKTFQGPPHGIQVERDKLNKYGRPLLGCTIKPKLGLSAKNYGRACYECLRGGLDFTKDDENVNSQPFMRWRDRFVFCAEAIYKAQAETGEIKGHYLNATAGTCEEMIKRAVFARELGVPIVMHDYITGGFTANTSLAHYCRDNGLLLHIHRAMHAVIDRQKNHGMHFRVLAKALRMSGGDHIHAGTVVGKLEGEREMTLGFVDLLRDDFIEKDRARGIFFTQDWVSMPGVIPVASGGIHVWHMPALTEIFGDDSVLQFGGGTLGHPWGNAPGAAANRVALEACVQARNEGRDLAREGNEIIRAACKWSPELAAA
Arabidopsis_thaliana,105.0,TETKASVGFKAGVKDYKLTYYTPDYETKDTDILAAFRVTPQPGVPPEEAGAAVAAESSTGTWTTVWTDGLTSLDRYKGRCYHIEPVAGEESQFIAYVAYPLDLFEEGSVTNMFTSIVGNVFGFKALRALRLEDLRIPTSYVKTFQGPPHGIQVERDKLNKYGRPLLGCTIKPKLGLSAKNYGRAVYECLRGGLDFTKDDENVNSQPFMRWRDRFLFCAEAIYKAQAETGEIKGHYLNATAGTCEEMIKRAVFARELGAPIVMHDYLTGGFTANTSLAHYCRDNGLLLHIHRAMHAVIDRQKNHGMHFRVLAKALRLSGGDHIHAGTVVGKLEGEREITLGFVDLLRDDFIEKDRSRGIYFTQDWVSLPGVLPVASGGIHVWHMPALTEIFGDDSVLQFGGGTIGHPWGNAPGAVANRVALEACVQARNEGRDLAREGNQIIREASKWSPELAAA
Arctagrostis_latifolia,105.0,TETKASVGFKAGVKDYKLTYYTPEYETKDTDILAAFRVTPQPGVPPEEAGAAVAAESSTGTWTTVWTDGLTSLDRYKGRCYHIEPVAGEDNQWICYVAYPLDLFEEGSVTNMFTSIVGNVFGFKALRALRLEDLRIPVAYTKTFQGPPHGIQVERDKLNKYGRPLLGCTIKPKLGLSAKNYGRACYECLRGGLDFTKDDENVNSQPFMRWRDRFVFCAEAIYKAQAETGEIKGHYLNATAGTCEEMIKRAVFARELGVPIVMHDYITGGFTANTTLSHYCRDNGLLLHIHRAMHAVIDRQKNHGMHFRVLAKALRMSGGDHIHSGTVVGKLEGEREMTLGFVDLLRDDFIEKDRARGIFFTQDWVSLPGVIPVASGGIHVWHMPALTEIFGDDSVLQFGGGTLGHPWGNAPGAAANRVALEACVQARNEGRDLAREGNEIIRAACKWSPELAAA
Artemisia_myriantha,110.0,TETKSSVGFKAGVKDYKLTYYTPEYETKDTDILAAFRVTPQPGVPPEEAGAAVAAESSTGTWTTVWTDGLTSLDRYKGRCYGIEPVPGEENQYICYVAYPLDLFEEGSVTNMFTSIVGNVFGFKALRALRLEDLRIPTAYVKTFQGPPHGIQVERDKLNKYGRPLLGCTIKPKLGLSAKNYGRAVYECLRGGLDFTKDDENVNSQPFMRWRDRFLFCAEAIFKSQAETGEIKGHYLNATAGTCEDMMKRAVFARELGVPIVMHDYLTGGFTANTTLAHYCRDNGLLLHIHRAMHAVIDRQKNHGMHFRVLAKALRMSGGDHIHAGTVVGKLEGEREITLGFVDLLRDDFIEKDRSRGIYFTQDWVSLPGVLPVASGGIHVWHMPALTEIFGDDSVLQFGGGTLGHPWGNAPGAVANRVALEACVQARNEGRDLATEGNEIIREATKWSPELAAA
Artemisia_vulgaris,105.0,TETKASVGFKAGVKDYKLTYYTPEYETKDTDILAAFRVTPQPGVPPEEAGAAVAAESSTGTWTTVWTDGLTSLDRYKGRCYGIEPVPGEENQYICYVAYPLDLFEEGSVTNMFTSIVGNVFGFKALRALRLEDLRIPTAYVKTFQGPPHGIQVERDKLNKYGRPLLGCTIKPKLGLSAKNYGRAVYECLRGGLDFTKDDENVNSQPFMRWRDRFLFCAEAIFKSQAETGEIKGHYLNATAGTCEDMMKRAVFARELGVPIVMHDYLTGGFTANTTLAHYCRDNGLLLHIHRAMHAVIDRQKNHGMHFRVLAKALRMSGGDHIHAGTVVGKLEGEREITLGFVDLLRDDFIEKDRSRGIYFTQDWVSLPGVLPVASGGIHVWHMPALTEIFGDDSVLQFGGGTLGHPWGNAPGAVANRVALEACVQARNEGRDLATEGNEIIREATKWSPELAAA
Avena_sativa,99.9,TETKASVGFQAGVKDYKLTYYTPEYETKDTDILAAFRVTPQPGVPPEEAGAAVAAESSTGTWTTVWTDGLTSLDRYKGRCYHIEPVAGEDNQWICYVAYPLDLFEEGSVTNMFTSIVGNVFGFKALRALRLEDLRIPPAYTKTFQGPPHGIQVERDKLNKYGRPLLGCTIKPKLGLSAKNYGRACYECLRGGLDFTKDDENVNSQPFMRWRDRFVFCAEAIYKAQAETGEIKGHYLNATAGTCEEMIKRAVFARELGVPIVMHDYITGGFTANTSLAHYCRDNGLLLHIHRAMHAVIDRQKNHGMHFRVLAKALRMSGGDHIHSGTVVGKLEGEREMTLGFVDLLRDDFIEKDRARGIFFTQDWVSMPGVIPVASGGIHVWHMPALTEIFGDDSVLQFGGGTLGHPWGNAPGAAANRVALEACVQARNEGRDLAREGNEIIREACKWSPELAAA
Beta_vulgaris,101.0,TETKASVGFKAGVKDYKLTYYTPEYETLDTDILAAFRVSPQPGVPPEEAGAAVAAESSTGTWTTVWTDGLTSLDRYKGRCYHIEPVAGEENQYICYVAYPLDLFEEGSVTNMFTSIVGNVFGFKALRALRLEDLRIPVAYVKTFQGPPHGIQVERDKLNKYGRPLLGCTIKPKLGLSAKNYGRAVYECLRGGLDFTKDDENVNSQPFMRWRDRFLFCAEALYKAQAETGEIKGHYLNATAGTCEEMIKRAVFARELGVPIVMHDYLTGGFTANTTLAHYCRDNGLLLHIHRAMHAVIDRQKNHGMHFRVLAKALRLSGGDHIHSGTVVGKLEGERDITLGFVDLLRDDYTEKDRSRGIYFTQSWVSTPGVLPVASGGIHVWHMPALTEIFGDDSVLQFGGGTLGHPWGNAPGAVANRVALEACVQARNEGRNLATEGNAIIREASKWSPELAAA
Brassica_oleracea,96.2,TETKASVGFKAGVKEYKLNYYTPEYETKDTDILAAFRVTPQPGVPPEEAGAAVAAESSTGTWTTVWTDGLTSLDRYKGRCYHIEPVPGEETQFIAYVAYPLDLFEEGSVTNMFTSIVGNVFGFKALAALRLEDLRIPPAYTKTFQGPPHGIQVERDKLNKYGRPLLGCTIKPKLGLSAKNYGRAVYECLRGGLDFTKDDENVNSQPFMRWRDRFLFCAEAIYKSQAETGEIKGHYLNATAGTCEEMMKRAIFARELGVPIVMHDYLTGGFTANTSLAHYCRDNGLLLHIHRAMHAVIDRQKNHGMHFRVLAKALRLSGGDHVHAGTVVGKLEGDRESTLGFVDLLRDDYVEKDRSRGIFFTQDWVSLPGVLPVASGGIHVWHMPALTEIFGDDSVLQFGGGTLGHPWGNAPGAVANRVALEACVQARNEGRDLAVEGNEIIREACKWSPELAAA
Bromus_anomalus,101.0,TETKASVGFKAGVKDYKLTYYTPEYETKDTDILAAFRVSPQPGVPPEEAGAAVAAESSTGTWTTVWTDGLTSLDRYKGRCYHIEPVAGEDNQWICYVAYPLDLFEEGSVTNMFTSIVGNVFGFKALRALRLEDLRIPPTYSKTFQGPPHGIQVERDKLNKYGRPLLGCTIKPKLGLSAKNYGRACYECLRGGLDFTKDDENVNSQPFMRWRDRFVFCAEAIYKSQAETGEIKGHYLNATAGTCEEMIKRAVFARELGVPIVMHDYLTGGFTANTTLAHYCRDNGLLLHIHRAMHAVIDRQKNHGMHFRVLAKALRMSGGDHIHSGTVVGKLEGEREMTLGFVDLLRDDFIEKDRARGIFFTQDWVSMPGVIPVASGGIHVWHMPALTEIFGDDSVLQFGGGTLGHPWGNAPGAAANRVALEACVQARNEGRDLAREGNEIIRAACKWSPELAAA
Calamagrostis_canescens,98.5,TETKASVGFKAGVKDYKLTYYTPEYETKDTDILAAFRVSPQPGVPPEEAGAAVAAESSTGTWTTVWTDGLTSLDRYKGRCYHIEPVAGEDNQWICYVAYPLDLFEEGSVTNMFTSIVGNVFGFKALRALRLEDLRIPPAYTKTFQGPPHGIQVERDKLNKYGRPLLGCTIKPKLGLSAKNYGRACYECLRGGLDFTKDDENVNSQPFMRWRDRFVFCAEAIYKAQAETGEIKGHYLNATAGTCEEMIKRAVFARELGVPIVMHDYITGGFTANTSLAHYCRDNGLLLHIHRAMHAVIDRQKNHGMHFRVLAKALRMSGGDHIHAGTVVGKLEGEREMTLGFVDLLRDDFIEKDRARGIFFTQDWVSMPGVIPVASGGIHVWHMPALTEIFGDDSVLQFGGGTLGHPWGNAPGAAANRVALEACVQARNEGRDLAREGNEIIRAACKWSPELAAA
Calamagrostis_foliosa,105.0,TETKASVGFKAGVKDYKLTYYTPEYETKDTDILAAFRVTPQPGVPPEEAGAAVAAESSTGTWTTVWTDGLTSLDRYKGRCYHIEPVAGEDNQWICYVAYPLDLFEEGSVTNMFTSIVGNVFGFKALRALRLEDLRIPPAYTKTFQGPPHGIQVERDKLNKYGRPLLGCTIKPKLGLSAKNYGRACYECLRGGLDFTKDDENVNSQPFMRWRDRFVFCAEAIYKAQAETGEIKGHYLNATAGTCEEMIKRAVFARELGVPIVMHDYITGGFTANTSLAHYCRDNGLLLHIHRAMHAVIDRQKNHGMHFRVLAKALRMSGGDHIHAGTVVGKLEGEREMTLGFVDLLRDDFIEKDRARGIFFTQDWVSMPGVIPVASGGIHVWHMPALTEIFGDDSVLQFGGGTLGHPWGNAPGAAANRVALEACVQARNEGRDLAREGNEIIRAACKWSPELAAA
Calamagrostis_nutkaensis,109.0,TETKASVGFKAGVKDYKLTYYTPEYETKDTDILAAFRVSPQPGVPPEEAGAAVAAESSTGTWTTVWTDGLTSLDRYKGRCYHIEPVAGEDNQWICYVAYPLDLFEEGSVTNMFTSIVGNVFGFKALRALRLEDLRIPPAYTKTFQGPPHGIQVERDKLNKYGRPLLGCTIKPKLGLSAKNYGRACYECLRGGLDFTKDDENVNSQPFMRWRDRFVFCAEAIYKAQAETGEIKGHYLNATAGTCEEMIKRAVFARELGVPIVMHDYITGGFTANTSLAHYCRDNGLLLHIHRAMHAVIDRQKNHGMHFRVLAKALRMSGGDHIHAGTVVGKLEGEREMTLGFVDLLRDDFIEKDRARGIFFTQDWVSMPGVIPVASGGIHVWHMPALTEIFGDDSVLQFGGGTLGHPWGNAPGAAANRVALEACVQARNEGRDLAREGNEIIRAACKWSPELAAA
Capsicum_annuum,96.0,TETKASVGFKAGVKEYKLTYYTPEYQTKDTDILAAFRVTPQPGVPPEEAGAAVAAESSTGTWTTVWTDGLTSLDRYKGRCYRIERVVGEKDQYIAYVAYPLDLFEEGSVTNMFTSIVGNVFGFKALRALRLEDLRIPTAYIKTFQGPPHGIQVERDKLNKYGRPLLGCTIKPKLGLSAKNYGRAVYECLRGGLDFTKDDENVNSQPFMRWRDRFLFCTEALFKAQTETGEIKGHYLNATAGTCEEMMKRAVFARELGAPIVMHDYLTGGFTANTSLAHYCRDNGLLLHIHRAMHAVIDRQKNHGMHFRVLAKGLRMSGGDHIHAGTVVGKLEGERDITLGFVDLLRDDFVEQDRSRGIYFTQDWVSLPGVLPVASGGIHVWHMPALTEIFGDDSVLQFGGGTLGHPWGNAPGAVANRVALEACVKARNEGRDLAREGNEIIREASKWSPELAAA
Chenopodium_album,78.7,TETKASVGFKAGVKDYKLTYYTPEYETQDTDILAAFRVSPQPGVPPEEAGAAVAAESSTGTWTTVWTDGLTSLDRYKGRCYHIEPVAGEENQYICYVAYPLDLFEEGSVTNMFTSIVGNVFGFKALRALRLEDLRIPVAYIKTFQGPPHGIQVERDKLNKYGRPLLGCTIKPKLGLSAKNYGRACYECLRGGLDFTKDDENVNSQPFMRWRDRFLFCAEAIYKAQAETGEIKGHYLNATAATCEEMIKRAVFARELGAPIVMHDYLTGGFTANTSLAHYCRDNGLLLHIHRAMHAVIDRQKNHGMHFRVLAKALRLSGGDHIHSGTVVGKLEGERDITLGFVDLLRDDYTEKDRSRGIYFTQSWVSTPGVLPVASGGIHVWHMPALTEIFGDDSVLQFGGGTLGHPWGNAPGAVANRVALEACVQARNEGRDLAREGNTIIREASKWSPELAAA
Citrullus_ecirrhosus,99.9,TETKASVGFKAGVKDYKLTYYTPEYETKDTDILAAFRVTPQPGVPPEEAGAAVAAESSTGTWTTVWTDGLTSLDRYKGRCYGIEPVPGEENQYIAYVAYPLDLFEEGSVTNMFTSIVGNVFGFKALRALRLEDLRIPTAYIKTFQGPPHGIQVERDKLNKYGRPLLGCTIKPKLGLSAKNYGRAVYECLRGGLDFTKDDENVNSQPFMRWRDRFLFCAEAIYKSQAETGEIKGHYLNATAGTCEEMMKRAVFARELGVPIVMHDYLTGGFTANTSLAHYCRDNGLLLHIHRAMHAVIDRQKNHGMHFRVLAKALRMSGGDHIHAGTVVGKLEGEREITLGFVDLLRDDFIEKDRSRGIYFTQDWVSLPGVLPVASGGIHVWHMPALTEIFGDDSVLQFGGGTLGHPWGNAPGAVANRVALEACVQARNEGRDLAREGNEIIREASKWSPELAAA
Cucurbita_maxima,98.4,TETKASVGFKAGVKDYKLTYYTPEYETKDTDILAAFRVTPQPGVPPEEAGAAVAAESSTGTWTTVWTDGLTSLDRYKGRCYGIEPVPGEENQYIAYVAYPLDLFEEGSVTNMFTSIVGNVFGFKALRALRLEDLRIPTAYIKTFQGPPHGIQVERDKLNKYGRPLLGCTIKPKLGLSAKNYGRAVYECLRGGLDFTKDDENVNSQPFMRWRDRFLFCAEAIYKSQAETGEIKGHYLNATAGTCEEMMKRAIFARELGVPIVMHDYLTGGFTANTSLAHYCRDNGLLLHIHRAMHAVIDRQKNHGMHFRVLAKALRLSGGDHIHAGTVVGKLEGERDITLGFVDLLRDDFVEKDRSRGIYFTQDWVSLPGVLPVASGGIHVWHMPALTEIFGDDSVLQFGGGTLGHPWGNAPGAVANRVALEACVQARNEGRDLAREGNEIIREASKWSPELAAA
Deschampsia_danthonioides,108.0,TETKASVGFKAGVKDYKLTYYTPEYETKDTDILAAFRVTPQPGVPPEEAGAAVAAESSTGTWTTVWTDGLTSLDRYKGRCYHIEPVAGEDNQWICYVAYPLDLFEEGSVTNMFTSIVGNVFGFKALRALRLEDLRIPPAYAKTFQGPPHGIQVERDKLNKYGRPLLGCTIKPKLGLSAKNYGRACYECLRGGLDFTKDDENVNSQPFMRWRDRFVFCAEAIYKAQAETGEIKGHYLNATAGTCEEMIKRAVFARELGVPIVMHDYITGGFTANTSLAHYCRDNGLLLHIHRAMHAVIDRQKNHGMHFRVLAKALRMSGGDHIHAGTVVGKLEGEREMTLGFVDLLRDDFIEKDRARGIFFTQDWVSMPGVIPVASGGIHVWHMPALTEIFGDDSVLQFGGGTLGHPWGNAPGAAANRVALEACVQARNEGRDLAREGNEIIRAACKWSPELAAA
Desmodium_cinereum,97.5,TETKSSVGFKAGVKDYKLTYYTPEYETKDTDILAAFRVTPQPGVPPEEAGAAVAAESSTGTWTTVWTDGLTSLDRYKGRCYGIEPVAGEENQYIAYVAYPLDLFEEGSVTNMFTSIVGNVFGFKALRALRLEDLRIPNSYIKTFQGPPHGIQVERDKLNKYGRPLLGCTIKPKLGLSAKNYGRAVYECLRGGLDFTKDDENVNSQPFMRWRDRFLFCAEAIFKAQAETGEIKGHYLNATAGTCEEMIKRAVFARELGAPIVMHDYLTGGFTANTSLAHYCRDNGLLLHIHRAMHAVIDRQKNHGMHFRVLAKALRLSGGDHIHAGTVVGKLEGEREITLGFVDLLRDDFVEKDRSRGIYFTQDWVSLPGVLPVASGGIHVWHMPALTEIFGDDSVLQFGGGTLGHPWGNAPGAVANRVALEACVQARNEGRDLAREGNEIIREAAKWSPELAAA
Desmodium_intortum,98.7,TESKASVGFKAGVKDYKLTYYTPEYETKDTDILAAFRVTPQPGVPPEEAGAAVAAESSTGTWTTVWTDGLTSLDRYKGRCYGIEPVAGEENQYIAYVAYPLDLFEEGSVTNMFTSIVGNVFGFKALRALRLEDLRIPNAYIKTFQGPPHGIQVERDKLNKYGRPLLGCTIKPKLGLSAKNYGRAVYECLRGGLDFTKDDENVNSQPFMRWRDRFLFCAEALFKAQAETGEIKGHYLNATAGTCEEMIKRAVFARELGAPIVMHDYLTGGFTANTSLAHYCRDNGLLLHIHRAMHAVIDRQKNHGMHFRVLAKALRLSGGDHIHAGTVVGKLEGEREITLGFVDLLRDDFVEKDRSRGIYFTQDWVSLPGVLPVASGGIHVWHMPALTEIFGDDSVLQFGGGTLGHPWGNAPGAVANRVALEACVQARNEGRDLAREGNEIIREAAKWSPELAAA
Erythrina_flabelliformis,96.4,TETKASVGFKAGVKDYKLTYYTPEYETKDTDILAAFRVTPQPGVPPEEAGAAVAAESSTGTWTTVWTDGLTSLDRYKGRCYHIEPVAGEENQFIAYVAYPLDLFEEGSVTNMFTSIVGNVFGFKALRALRLEDLRIPTAYVKTFQGPPHGIQVERDKLNKYGRPLLGCTIKPKLGLSAKNYGRAVYECLRGGLDFTKDDENVNSQPFMRWRDRFLFCAEALYKAQAETGEIKGHYLNATAGTCEEMMKRAVFARELGVPIVMHDYLTGGFTANTSLAHYCRDNGLLLHIHRAMHAVIDRQKNHGMHFRVLAKALRLSGGDHVHSGTVVGKLEGEREITLGFVDLIRDDLIEKDRSRGIYFTQDWVSLPGVLPVASGGIHVWHMPALTEIFGDDSVLQFGGGTLGHPWGNAPGAVANRVALEACVQARNEGRDLAREGNEIIREASKWSPELAAA
Euphorbia_helioscopia,96.8,TETKASVGFKAGVKDYKLTYYTPEYETKDTDILAAFRVTPQPGVPPEEAGAAVAAESSTGTWTTVWTDGLTSLDRYKGRCYHIEPVPGEETQFIAYVAYPLDLFEEGSVTNMFTSIVGNVFGFKALRALRLEDLRIPPAYTKTFQGPPHGIQVERDKLNKYGRPLLGCTIKPKLGLSAKNYGRAVYECLRGGLDFTKDDENVNSQPFMRWRDRFLFCAEAIFKSQAETGEIKGHYLNATAGTCEEMIKRAVFARELGVPIVMHDYLTGGFTANTTLAHYCRDNGLLLHIHRAMHAVIDRQKNHGIHFRVLAKALRMSGGDHIHAGTVVGKLEGEREITLGFVDLLRDDFVEKDRSRGIYFTQDWVSLPGVLPVASGGIHVWHMPALTEIFGDDSVLQFGGGTLGHPWGNAPGAVANRVALEACVQARNEGRDLAREGNEIIREAGKWSPELAAA
Festuca_pratensis,106.0,TETKASVGFQAGVKDYKLTYYTPEYETKDTDILAAFRVTPQPGVPPEEAGAAVAAESSTGTWTTVWTDGLTSLDRYKGRCYHIEPVAGEDNQWICYVAYPLDLFEEGSVTNMFTSIVGNVFGFKALRALRLEDLRIPVAYSKTFQGPPHGIQVERDKLNKYGRPLLGCTIKPKLGLSAKNYGRACYECLRGGLDFTKDDENVNSQPFMRWRDRFVFCAEALYKAQAETGEIKGHYLNATAGTCEEMIKRAVFARELGVPIVMHDYITGGFTANTSLAHYCRDNGLLLHIHRAMHAVIDRQKNHGMHFRVLAKALRMSGGDHIHSGTVVGKLEGEREMTLGFVDLLRDDFIEKDRARGIFFTQDWASMPGVIPVASGGIHVWHMPALTEIFGDDSVLQFGGGTLGHPWGNAPGAAANRVALEACVQARNEGRDLAREGNEIIRAACKWSPELAAA
Flaveria_cronquistii,81.0,TETKASVGFKAGVKDYKLTYYTPEYETKDTDILAAFRVTPQPGVPPEEAGAAVAAESSTGTWTTVWTDGLTSLDRYKGRCYGIEPVPGEDNQYIAYVAYPLDLFEEGSVTNMFTSIVGNVFGFKALRALRLEDLRIPTAYVKTFDGPPHGIQVERDKLNKYGRPLLGCTIKPKLGLSAKNYGRACYECLRGGLDFTKDDENVNSQPFMRWRDRFLFCAEAIYKAQAETGEIKGHYLNATAGTCEEMLKRAVFARELGVPIIMHDYLTGGFTANTSLSHYCRDNGLLLHIHRAMHAVIDRQKNHGMHFRVLAKALRMSGGDHIHSGTVVGKLEGEREITLGFVDLLRDDFIEKDRSRGIYFTQDWVSLPGVLPVASGGIHVWHMPALTEIFGDDSVLQFGGGTLGHPWGNAPGAVANRVALEACVQARNEGRDLATEGNEIIREATKWSPELAAA
Flaveria_pringlei,80.8,TETKASVGFKAGVKDYKLTYYTPEYETKDTDILAAFRVTPQPGVPPEEAGAAVAAESSTGTWTTVWTDGLTSLDRYKGRCYGIEPVPGEDNQYIAYVAYPLDLFEEGSVTNMFTSIVGNVFGFKALRALRLEDLRIPTAYVKTFEGPPHGIQVERDKLNKYGRPLLGCTIKPKLGLSAKNYGRACYECLRGGLDFTKDDENVNSQPFMRWRDRFLFCAEAIYKAQAETGEIKGHYLNATAGTCEEMLKRAVFARELGVPIVMHDYLTGGFTANTSLSHYCRDNGLLLHIHRAMHAVIDRQKNHGMHFRVLAKALRMSGGDHIHSGTVVGKLEGEREITLGFVDLLRDDFIEKDRSRGIYFTQDWVSLPGVLPVASGGIHVWHMPALTEIFGDDSVLQFGGGTLGHPWGNAPGAVANRVALEACVQARNEGRDLATEGNEIIREATKWSPELAAA
Flueggea_suffruticosa,101.0,TETKASVGFKAGVKEYKLTYYTPDYETKDTDILAAFRVTPQPGVPPEEAGAAVAAESSTGTWTTVWTDGLTSLDRYKGRCYHIEPVAGEENQFIAYVAYPLDLFEEGSVTNMFTSIVGNVFGFKALRALRLEDLRIPPSYTKTFQGPPHGIQVERDKLNKYGRPLLGCTIKPKLGLSAKNYGRAVYECLRGGLDFTKDDENVNSQPFMRWRDRFLFCAEAIYKAQAETGEIKGHYLNATAGTCEEMIKRAVFARELGVPIVMHDYLTGGFTANTSLAHYCRDNGLLLHIHRAMHAVIDRQKNHGIHFRVLAKALRMSGGDHIHSGTVVGKLEGEREITLGFVDLLRDDFIEKDRSRGIYFTQDWVSLPGVLPVASGGIHVWHMPALTEIFGDDSVLQFGGGTLGHPWGNAPGAVANRVALEACVKARNEGRDLAREGNEIIREASKWSPELAAA
Glycine_canescens,97.1,TETKASVGFKAGVKDYKLTYYTPDYETKDTDILAAFRVTPQPGVPPEEAGAAVAAESSTGTWTTVWTDGLTSLDRYKGRCYGLEPVAGEENQYIAYVAYPLDLFEEGSVTNMFTSIVGNVFGFKALRALRLEDLRIPTAYVKTFQGPPHGIQVERDKLNKYGRPLLGCTIKPKLGLSAKNYGRAVYECLRGGLDFTKDDENVNSQPFMRWRDRFLFCAEAIFKSQAETGEIKGHYLNATAGTCEEMMKRAVFARELGAPIIMHDYLTGGFTANTSLAHYCRDNGLLLHIHRAMHAVIDRQKNHGMHFRVLAKALRLSGGDHVHAGTVVGKLEGEREITLGFVDLLRDDFIEKDRSRGIYFTQDWVSLPGVIPVASGGIHVWHMPALTEIFGDDSVLQFGGGTLGHPWGNAPGAVANRVAVEACVKARNEGRDLAREGNDIIREASKWSPELAAA
Glycine_max,97.0,TETKASVGFKAGVKDYKLTYYTPDYETKDTDILAAFRVTPQPGVPPEEAGAAVAAESSTGTWTTVWTDGLTSLDRYKGRCYGLEPVAGEENQYIAYVAYPLDLFEEGSVTNMFTSIVGNVFGFKALRALRLEDLRIPTAYIKTFQGPPHGIQVERDKLNKYGRPLLGCTIKPKLGLSAKNYGRAVYECLRGGLDFTKDDENVNSQPFMRWRDRFLFCAEAIFKSQAETGEIKGHYLNATAGTCEEMMKRAVFARELGVPIVMHDYLTGGFTANTSLAHYCRDNGLLLHIHRAMHAVIDRQKNHGMHFRVLAKALRLSGGDHVHAGTVVGKLEGEREITLGFVDLLRDDFVEKDRSRGIYFTQDWVSLPGVLPVASGGIHVWHMPALTEIFGDDSVLQFGGGTLGHPWGNAPGAVANRVALEACVQARNEGRDLAREGNEIIREASKWSPELAAA
Hordeum_brachyantherum,101.0,TETKAGVGFQAGVKDYKLTYYTPEYETKDTDILAAFRVSPQPGVPPEEAGAAVAAESSTGTWTTVWTDGLTSLDRYKGRCYHIEPVAGEDNQWICYVAYPLDLFEEGSVTNMFTSIVGNVFGFKALRALRLEDLRIPPTYSKTFQGPPHGIQVERDKLNKYGRPLLGCTIKPKLGLSAKNYGRACYECLRGGLDFTKDDENVNSQPFMRWRDRFVFCAEAIYKSQAETGEIKGHYLNATAGTCEEMIKRAVFARELGVPIVMHDYLTGGFTANTTLAHYCRDNGLLLHIHRAMHAVIDRQKNHGMHFRVLAKALRMSGGDHIHSGTVVGKLEGEREMTLGFVDLLRDDFIEKDRARGIFFTQDWVSMPGVIPVASGGIHVWHMPALTEIFGDDSVLQFGGGTLGHPWGNAPGAAANRVALEACVQARNEGRDLAREGNEIIRAACKWSPELAAA
Hordeum_murinum,100.0,TETKAGVGFKAGVKDYKLTYYTPEYETKDTDILAAFRVSPQPGVPPEEAGAAVAAESSTGTWTTVWTDGLTSLDRYKGRCYHIEPVPGEDSQWICYVAYPLDLFEEGSVTNMFTSIVGNVFGFKALRALRLEDLRIPPTYSKTFQGPPHGIQVERDKLNKYGRPLLGCTIKPKLGLSAKNYGRACYECLRGGLDFTKDDENVNSQPFMRWRDRFVFCAEAIYKSQAETGEIKGHYLNATAGTCEEMIKRAVFARELGVPIVMHDYLTGGFTANTTLAHYCRDNGLLLHIHRAMHAVIDRQKNHGMHFRVLAKALRMSGGDHIHSGTVVGKLEGEREMTLGFVDLLRDDFIEKDRARGIFFTQDWVSMPGVIPVASGGIHVWHMPALTEIFGDDSVLQFGGGTLGHPWGNAPGAAANRVALEACVQARNEGRDLAREGNEIIRAACKWSPELAAA
Ipomoea_batatas,98.5,TETKASVGFKAGVKDYKLTYYTPEYQTKDTDILAAFRVTPQPGVPPEEAGAAVAAESSTGTWTTVWTDGLTSLDRYKGRCYRIERVIGEKDQYIAYVAYPLDLFEEGSVTNMFTSIVGNVFGFKALRALRLEDLRIPTAYIKTFQGPPHGIQVERDKLNKYGRPLLGCTIKPKLGLSAKNYGRAVYECLRGGLDFTKDDENVNSQPFMRWRDRFLFCAEALYKAQAETGEIKGHYLNATAGTCEEMMKRAIFARELGVPIVMHDYLTGGFTANTSLAHYCRDNGLLLHIHRAMHAVIDRQKNHGMHFRVLAKALRLSGGDHIHAGTVVGKLEGEREITLGFVDLLRDDFVEQDRSRGIYFTQDWVSLPGVLPVASGGIHVWHMPALTEIFGDDSVLQFGGGTLGHPWGNAPGAVANRVALEACVQARNEGRDLAREGNEIIREACKWSPELSAA
Lablab_purpureus,91.1,TETKASVGFKAGVKDYKLTYYTPDYETKDTDILAAFRVTPQPGVPPEEAGAAVAAESSTGTWTTVWTDGLTSLDRYKGRCYHIEPVAGEENQYIAYVAYPLDLFEEGSVTNMFTSIVGNVFGFKALRALRLEDLRIPTSYIKTFQGPPHGIQVERDKLNKYGRPLLGCTIKPKLGLSAKNYGRAVYECLRGGLDFTKDDENVNSQPFMRWRDRFLFCAEAIYKAQAETGEIKGHYLNATAGTCEEMIKRAVFARELGVPIVMHDYLTGGFTANTSLAHYCRDNGLLLHIHRAMHAVIDRQKNHGMHFRVLAKALRLSGGDHVHSGTVVGKLEGEREITLGFVDLLRDDFIEKDRSRGIYFTQDWVSLPGVLPVASGGIHVWHMPALTEIFGDDSVLQFGGGTLGHPWGNAPGAVANRVALEACVQARNEGRDLAREGNEIIREASKWSPELAAA
Lactuca_sativa,94.0,TETKASVGFKAGVKDYKLTYYTPEYETKDTDILAAFRVTPQPGVPPEEAGAAVAAESSTGTWTTVWTDGLTSLDRYKGRCYGIEPVPGEENQYIAYVAYPLDLFEEGSVTNMFTSIVGNVFGFKALRALRLEDLRIPTAYVKTFQGPPHGIQVERDKLNKYGRPLLGCTIKPKLGLSAKNYGRAVYECLRGGLDFTKDDENVNSQPFMRWRDRFLFCAEAIFKSQAETGEIKGHYLNATAGTCEEMMKRAIFARELGVPIVMHDYLTGGFTANTSLAHYCRDNGLLLHIHRAMHAVIDRQKNHGIHFRVLAKALRMSGGDHIHSGTVVGKLEGEREITLGFVDLLRDDFIEKDRSRGIYFTQDWVSLPGVLPVASGGIHVWHMPALTEIFGDDSVLQFGGGTLGHPWGNAPGAVANRVALEACVQARNEGRDLATEGNEIIREATKWSPELAAA
Lepidium_campestre,92.8,TETKASVGFKAGVKEYKLTYYTPEYETKDTDILAAFRVTPQPGVPPEEAGAAVAAESSTGTWTTVWTDGLTSLDRYKGRCYHIEPVPGEETQFIAYVAYPLDLFEEGSVTNMFTSIVGNVFGFKALAALRLEDLRIPPAYTKTFQGPPHGIQVERDKLNKYGRPLLGCTIKPKLGLSAKNYGRAVYECLRGGLDFTKDDENVNSQPFMRWRDRFLFCAEAIYKSQAETGEIKGHYLNATAGTCEEMIKRAVFARELGVPIVMHDYLTGGFTANTSLAHYCRDNGLLLHIHRAMHAVIDRQKNHGMHFRVLAKALRLSGGDHIHAGTVVGKLEGDRESTLGFVDLLRDDYVEKDRSRGIFFTQDWVSLPGVLPVASGGIHVWHMPALTEIFGDDSVLQFGGGTLGHPWGNAPGAVANRVALEACVQARNEGRDLAVEGNEIIREACKWSPELAAA
Limonium_artruchium,113.0,TETKSFVGFKAGVKDYKLTYYTPEYETLDTDILAAFRVTPQPGVPPEEAGAAVAAESSTGTWTTVWTDGLTNLDRYKGRCYHIEPVAGEESQFIAYVAYPLDLFEEGSVTNMFTSIVGNVFGFKALRALRLEDLRIPPAYSKTFQGPPHGIQVERDKLNKYGRPLLGCTIKPKLGLSAKNYGRAVYECLRGGLDFTKDDENVNSQPFMRWRDRFLFCTEAIYKAQAETGEVKGHYLNATAATSEEMIKRAACARELGVPIVMHDYLTGGFTSNTSLAHYCRDNGLLLHIHRAMHAVIDRQKNHGMHFRVLAKALRMSGGDHIHAGTVVGKLEGEREITLGFVDLLRDDYIEKDRSRGIYFTQDWVSMPGVIPVASGGIHVWHMPALTEIFGDDSVLQFGGGTLGHPWGNAPGAVANRVALEACVQARNEGRDLAREGNEIIRQAATWSPELAAA
Limonium_balearicum,103.0,TETKSFVGFKAGVKDYKLTYYTPEYETLDTDILAAFRVTPQPGVPPEEAGAAVAAESSTGTWTTVWTDGLTNLDRYKGRCYHIEPVAGEENQFIAYVAYPLDLFEEGSVTNMFTSIVGNVFGFKALRALRLEDLRIPPAYSKTFQGPPHGIQVERDKLNKYGRPLLGCTIKPKLGLSAKNYGRAVYECLRGGLDFTKDDENVNSQPFMRWRDRFLFCTEAIYKAQAETGEVKGHYLNATAGTSEEMIKRAACARELGVPIVMHDYLTGGFTSNTSLAHYCRDNGLLLHIHRAMHAVIDRQKNHGIHFRVLAKALRMSGGDHIHSGTVVGKLEGERDITLGFVDLLRDDYIEKDRSRGIYFTQDWVSMPGVIPVASGGIHVWHMPALTEIFGDDSVLQFGGGTLGHPWGNAPGAVANRVALEACVQARNEGRDLAREGNEIIRQAATWSPELAAA
Limonium_barceloi,106.0,TETKSFVGFKAGVKDYKLTYYTPEYETLDTDILAAFRVTPQPGVPPEEAGAAVAAESSTGTWTTVWTDGLTNLDRYKGRCYHIEPVAGEENQFIAYVAYPLDLFEEGSVTNMFTSIVGNVFGFKALRALRLEDLRIPPAYSKTFQGPPHGIQVERDKLNKYGRPLLGCTIKPKLGLSAKNYGRAVYECLRGGLDFTKDDENVNSQPFMRWRDRFLFCTEAIYKAQAETGEVKGHYLNATAGTSEEMIKRAACARELGVPIVMHDYLTGGFTSNTSLAHYCRDNGLLLHIHRAMHAVIDRQKNHGIHFRVLAKALRMSGGDHIHSGTVVGKLEGERDITLGFVDLLRDDYIEKDRSRGIYFTQDWVSMPGVIPVASGGIHVWHMPALTEIFGDDSVLQFGGGTLGHPWGNAPGAVANRVALEACVQARNEGRDLAREGNEIIRQAATWSPELAAA
Limonium_biflorum,112.0,TETKSFVGFKAGVKDYKLTYYTPEYETLDTDILAAFRVTPQPGVPPEEAGAAVAAESSTGTWTTVWTDGLTNLDRYKGRCYHIEPVAGEESQFIAYVAYPLDLFEEGSVTNMFTSIVGNVFGFKALRALRLEDLRIPPAYSKTFQGPPHGIQVERDKLNKYGRPLLGCTIKPKLGLSAKNYGRAVYECLRGGLDFTKDDENVNSQPFMRWRDRFLFCTEAIYKAQAETGEVKGHYLNATAATSEEMIKRAACARELGVPIVMHDYLTGGFTSNTSLAHYCRDNGLLLHIHRAMHAVIDRQKNHGMHFRVLAKALRMSGGDHIHAGTVVGKLEGEREITLGFVDLLRDDYIEKDRSRGIYFTQDWVSMPGVIPVASGGIHVWHMPALTEIFGDDSVLQFGGGTLGHPWGNAPGAVANRVALEACVQARNEGRDLAREGNEIIRQAATWSPELAAA
Limonium_companyonis,112.0,TETKSFVGFKAGVKDYKLTYYTPEYETLDTDILAAFRVTPQPGVPPEEAGAAVAAESSTGTWTTVWTDGLTNLDRYKGRCYHIEPVAGEENQFIAYVAYPLDLFEEGSVTNMFTSIVGNVFGFKALRALRLEDLRIPPAYSKTFQGPPHGIQVERDKLNKYGRPLLGCTIKPKLGLSAKNYGRAVYECLRGGLDFTKDDENVNSQPFMRWRDRFLFCTEAIYKAQAETGEVKGHYLNATAGTSEEMIKRAACARELGVPIVMHDYLTGGFTSNTSLAHYCRDNGLLLHIHRAMHAVIDRQKNHGIHFRVLAKALRMSGGDHIHSGTVVGKLEGERDITLGFVDLLRDDYIEKDRSRGIYFTQDWVSMPGVIPVASGGIHVWHMPALTEIFGDDSVLQFGGGTLGHPWGNAPGAVANRVALEACVQARNEGRDLAREGNEIIRQAATWSPELAAA
Limonium_echioides,106.0,TETKSFVGFKAGVKDYKLTYYTPEYETLDTDILAAFRVTPQPGVPPEEAGAAVAAESSTGTWTTVWTDGLTNLDRYKGRCYHIEPVAGEENQFIAYVAYPLDLFEEGSVTNMFTSIVGNVFGFKALRALRLEDLRIPPAYSKTFQGPPHGIQVERDKLNKYGRPLLGCTIKPKLGLSAKNYGRAVYECLRGGLDFTKDDENVNSQPFMRWRDRFLFCTEAIYKAQAETGEVKGHYLNATAGTSEEMIKRAACARELGVPIVMHDYLTGGFTSNTSLAHYCRDNGLLLHIHRAMHAVIDRQKNHGIHFRVLAKALRMSGGDHIHSGTVVGKLEGERDITLGFVDLLRDDYIEKDRSRGIYFTQDWVSMPGVIPVASGGIHVWHMPALTEIFGDDSVLQFGGGTLGHPWGNAPGAVANRVALEACVQARNEGRDLAREGNEIIRQAATWSPELAAA
Limonium_ejulabilis,116.0,TETKSYVGFKAGVKDYKLTYYTPEYETLDTDILAAFRVTPQPGVPPEEAGAAVAAESSTGTWTTVWTDGLTNLDRYKGRCYHIEPVAGEENQFIAYVAYPLDLFEEGSVTNMFTSIVGNVFGFKALRALRLEDLRIPPAYSKTFQGPPHGIQVERDKLNKYGRPLLGCTIKPKLGLSAKNYGRAVYECLRGGLDFTKDDENVNSQPFMRWRDRFLFCTEAIYKAQAETGEVKGHYLNATAGTSEEMIKRAACARELGVPIVMHDYLTGGFTSNTSLAHYCRDNGLLLHIHRAMHAVIDRQKNHGMHFRVLAKALRMSGGDHIHAGTVVGKLEGEREITLGFVDLLRDDYIEKDRSRGIYFTQDWVSMPGVIPVASGGIHVWHMPALTEIFGDDSVLQFGGGTLGHPWGNAPGAVANRVALEACVQARNEGRDLAREGNEIIRQAATWSPELAAA
Limonium_gibertii,112.0,TETKSFVGFKAGVKDYKLTYYTPEYETLDTDILAAFRVTPQPGVPPEEAGAAVAAESSTGTWTTVWTDGLTNLDRYKGRCYHIEPVAGEESQFIAYVAYPLDLFEEGSVTNMFTSIVGNVFGFKALRALRLEDLRIPPAYSKTFQGPPHGIQVERDKLNKYGRPLLGCTIKPKLGLSAKNYGRAVYECLRGGLDFTKDDENVNSQPFMRWRDRFLFCTEAIYKAQAETGEVKGHYLNATAATSEEMIKRAACARELGVPIVMHDYLTGGFTSNTSLAHYCRDNGLLLHIHRAMHAVIDRQKNHGMHFRVLAKALRMSGGDHIHAGTVVGKLEGEREITLGFVDLLRDDYIEKDRSRGIYFTQDWVSMPGVIPVASGGIHVWHMPALTEIFGDDSVLQFGGGTLGHPWGNAPGAVANRVALEACVQARNEGRDLAREGNEIIRQAATWSPELAAA
Limonium_grosii,113.0,TETKSYVGFKAGVKDYKLTYYTPEYETLDTDILAAFRVTPQPGVPPEEAGAAVAAESSTGTWTTVWTDGLTNLDRYKGRCYHIEPVAGEENQFIAYVAYPLDLFEEGSVTNMFTSIVGNVFGFKALRALRLEDLRIPPAYSKTFQGPPHGIQVERDKLNKYGRPLLGCTIKPKLGLSAKNYGRAVYECLRGGLDFTKDDENVNSQPFMRWRDRFLFCTEAIYKAQAETGEVKGHYLNATAGTSEEMIKRAACARELGVPIVMHDYLTGGFTSNTSLAHYCRDNGLLLHIHRAMHAVIDRQKNHGMHFRVLAKALRMSGGDHIHAGTVVGKLEGEREITLGFVDLLRDDYIEKDRSRGIYFTQDWVSMPGVIPVASGGIHVWHMPALTEIFGDDSVLQFGGGTLGHPWGNAPGAVANRVALEACVQARNEGRDLAREGNEIIRQAATWSPELAAA
Limonium_gymnesicum,121.0,TETKSFVGFKAGVKDYKLTYYTPEYETLDTDILAAFRVTPQPGVPPEEAGAAVAAESSTGTWTTVWTDGLTNLDRYKGRCYHIEPVAGEESQFIAYVAYPLDLFEEGSVTNMFTSIVGNVFGFKALRALRLEDLRIPPAYSKTFQGPPHGIQVERDKLNKYGRPLLGCTIKPKLGLSAKNYGRAVYECLRGGLDFTKDDENVNSQPFMRWRDRFLFCTEAIYKAQAETGEVKGHYLNATAATSEEMIKRAACARELGVPIVMHDYLTGGFTSNTSLAHYCRDNGLLLHIHRAMHAVIDRQKNHGMHFRVLAKALRMSGGDHIHAGTVVGKLEGEREITLGFVDLLRDDYIEKDRSRGIYFTQDWVSMPGVIPVASGGIHVWHMPALTEIFGDDSVLQFGGGTLGHPWGNAPGAVANRVALEACVQARNEGRDLAREGNEIIRQAATWSPELAAA
Limonium_magallufianum,111.0,TETKSYVGFKAGVKDYKLTYYTPEYETLDTDILAAFRVTPQPGVPPEEAGAAVAAESSTGTWTTVWTDGLTNLDRYKGRCYHIEPVAGEENQFIAYVAYPLDLFEEGSVTNMFTSIVGNVFGFKALRALRLEDLRIPPAYSKTFQGPPHGIQVERDKLNKYGRPLLGCTIKPKLGLSAKNYGRAVYECLRGGLDFTKDDENVNSQPFMRWRDRFLFCTEAIYKAQAETGEVKGHYLNATAGTSEEMIKRAACARELGVPIVMHDYLTGGFTSNTSLAHYCRDNGLLLHIHRAMHAVIDRQKNHGMHFRVLAKALRMSGGDHIHAGTVVGKLEGEREITLGFVDLLRDDYIEKDRSRGIYFTQDWVSMPGVIPVASGGIHVWHMPALTEIFGDDSVLQFGGGTLGHPWGNAPGAVANRVALEACVQARNEGRDLAREGNEIIRQAATWSPELAAA
Limonium_retusum,121.0,TETKSYVGFKAGVKDYKLTYYTPEYETLDTDILAAFRVTPQPGVPPEEAGAAVAAESSTGTWTTVWTDGLTNLDRYKGRCYHIEPVAGEENQFIAYVAYPLDLFEEGSVTNMFTSIVGNVFGFKALRALRLEDLRIPPAYSKTFQGPPHGIQVERDKLNKYGRPLLGCTIKPKLGLSAKNYGRAVYECLRGGLDFTKDDENVNSQPFMRWRDRFLFCTEAIYKAQAETGEVKGHYLNATAGTSEEMIKRAACARELGVPIVMHDYLTGGFTSNTSLAHYCRDNGLLLHIHRAMHAVIDRQKNHGMHFRVLAKALRMSGGDHIHAGTVVGKLEGEREITLGFVDLLRDDYIEKDRSRGIYFTQDWVSMPGVIPVASGGIHVWHMPALTEIFGDDSVLQFGGGTLGHPWGNAPGAVANRVALEACVQARNEGRDLAREGNEIIRQAATWSPELAAA
Lolium_multiflorum,99.9,TETKASVGFQAGVKDYKLTYYTPEYETKDTDILAAFRVTPQPGVPPEEAGAAVAAESSTGTWTTVWTDGLTSLDRYKGRCYHIEPVAGEDNQWICYVAYPLDLFEEGSVTNMFTSIVGNVFGFKALRALRLEDLRIPVAYSKTFQGPPHGIQVERDKLNKYGRPLLGCTIKPKLGLSAKNYGRACYECLRGGLDFTKDDENVNSQPFMRWRDRFVFCAEAIYKAQAETGEIKGHYLNATAGTCEEMIKRAVFARELGVPIVMHDYITGGFTANTSLAHYCRDNGLLLHIHRAMHAVIDRQKNHGMHFRVLAKALRMSGGDHIHSGTVVGKLEGEREMTLGFVDLLRDDFIEKDRARGIFFTQDWASMPGVIPVASGGIHVWHMPALTEIFGDDSVLQFGGGTLGHPWGNAPGAAANRVALEACVQARNEGRDLAREGNEIIRAACKWSPELAAA
Lolium_perenne,80.0,TETKASVGFQAGVKDYKLTYYTPEYETKDTDILAAFRVTPQPGVPPEEAGAAVAAESSTGTWTTVWTDGLTSLDRYKGRCYHIEPVAGEDNQWICYVAYPLDLFEEGSVTNMFTSIVGNVFGFKALRALRLEDLRIPVAYSKTFQGPPHGIQVERDKLNKYGRPLLGCTIKPKLGLSAKNYGRACYECLRGGLDFTKDDENVNSQPFMRWRDRFVFCAEALYKAQAETGEIKGHYLNATAGTCEEMIKRAVFARELGVPIVMHDYITGGFTANTSLAHYCRDNGLLLHIHRAMHAVIDRQKNHGMHFRVLAKALRMSGGDHIHSGTVVGKLEGEREMTLGFVDLLRDDFIEKDRARGIFFTQDWASMPGVIPVASGGIHVWHMPALTEIFGDDSVLQFGGGTLGHPWGNAPGAAANRVALEACVQARNEGRDLAREGNEIIRAACKWSPELAAA
Lolium_rigidum,100.0,TETKASVGFQAGVKDYKLTYYTPEYETKDTDILAAFRVTPQPGVPPEEAGAAVAAESSTGTWTTVWTDGLTSLDRYKGRCYHIEPVAGEDNQWICYVAYPLDLFEEGSVTNMFTSIVGNVFGFKALRALRLEDLRIPVAYSKTFQGPPHGIQVERDKLNKYGRPLLGCTIKPKLGLSAKNYGRACYECLRGGLDFTKDDENVNSQPFMRWRDRFVFCAEAIYKAQAETGEIKGHYLNATAGTCEEMIKRAVFARELGVPIVMHDYITGGFTANTSLAHYCRDNGLLLHIHRAMHAVIDRQKNHGMHFRVLAKALRMSGGDHIHSGTVVGKLEGEREMTLGFVDLLRDDFIEKDRARGIFFTQDWASMPGVIPVASGGIHVWHMPALTEIFGDDSVLQFGGGTLGHPWGNAPGAAANRVALEACVQARNEGRDLAREGNEIIRAACKWSPELAAA
Macrotyloma_uniflorum,101.0,TETKASVGFKAGVKDYKLTYYTPDYETKDTDILAAFRVTPQPGVPPEEAGAAVAAESSTGTWTTVWTDGLTSLDRYKGRCYHIEPVAGEESQFIAYVAYPLDLFEEGSVTNMFTSIVGNVFGFKALRALRLEDLRIPVSYIKTFQGPPHGIQVERDKLNKYGRPLLGCTIKPKLGLSAKNYGRAVYECLRGGLDFTKDDENVNSQPFMRWRDRFLFCAEAIYKAQAETGEIKGHYLNATAGTCEEMIKRAVFARELGVPIVMHDYLTGGFTANTSLAHYCRDNGLLLHIHRAMHAVIDRQKNHGMHFRVLAKALRLSGGDHVHSGTVVGKLEGEREITLGFVDLLRDDFVEKDRSRGIYFTQDWVSLPGVLPVASGGIHVWHMPALTEIFGDDSVLQFGGGTLGHPWGNAPGAVANRVALEACVQARNEGRDLAREGNEIIREASKWSPELAAA
Manihot_esculenta,101.0,TETKASVGFKAGVKDYKLTYYTPDYQTKDTDILAAFRVTPQPGVPPEEAGAAVAAESSTGTWTTVWTDGLTSLDRYKGRCYGLEPVPGEENQYIAYVAYPLDLFEEGSVTNMFTSIVGNVFGFKALRALRLEDLRVPPAYSKTFQGPPHGIQVERDKLNKYGRPLLGCTIKPKLGLSAKNYGRAVYECLRGGLDFTKDDENVNSQPFMRWRDRFLFCAEAIYKAQAETGEIKGHYLNATAGTCEEMIKRAVCARELGVPIVMHDYLTGGFTANTSLAHYCRDNGLLLHIHRAMHAVIDRQKNHGMHFRVLAKALRLSGGDHIHAGTVVGKLEGERDITLGFVDLLRDDFIEKDRSRGIYFTQDWVSLPGVLPVASGGIHVWHMPALTEIFGDDSVLQFGGGTLGHPWGNAPGAVANRVALEACVQARNEGRDLAREGNDIIREASKWSPELAAA
Medicago_sativa,95.6,TETKATVGFKAGVKDYRLTYYTPDYETKDTDILAAFRVSPQPGVPAEEAGAAVAAESSTGTWTTVWTDGLTSLDRYKGRCYHIEPVAGEETQFIAYVAYPLDLFEEGSVTNMFTSIVGNVFGFKALRALRLEDLRIPVAYVKTFQGPPHGIQVERDKLNKYGRPLLGCTIKPKLGLSAKNYGRAVYECLRGGLDFTKDDENVNSQPFMRWRDRFLFCAEAIYKAQAETGEIKGHYLNATAGTVDDMMKRAVFARELGVPIVMHDYLTGGFTANTTLAHYCRDNGLLLHIHRAMHAVIDRQKNHGMHFRVLAKALRMSGGDHIHAGTVVGKLEGERDITLGFVDLLRDDFIEKDRSRGIFFTQDWVSLPGVLPVASGGIHVWHMPALTEIFGDDSVLQFGGGTLGHPWGNAPGAVANRVALEACVQARNEGRDLAREGNEIIREATKWSPELAAA
Mercurialis_annua,95.7,TETKASVGFKAGVKDYKLTYYTPEYETKDTDILAAFRVTPQPGVPPEEAGAAVAAESSTGTWTTVWTDGLTSLDRYKGRCYHIEPVAGEESQFIAYVAYPLDLFEEGSVTNMFTSIVGNVFGFKALRALRLEDLRIPPAYVKTFQGPPHGIQVERDKLNKYGRPLLGCTIKPKLGLSAKNYGRAVYECLRGGLDFTKDDENVNSQPFMRWRDRFLFCAEAIYKAQAETGEIKGHYLNATAGTCEEMIKRAVFARELGVPIVMHDYLTGGFTANTSLAHYCRDNGLLLHIHRAMHAVIDRQKNHGMHFRVLAKALRMSGGDHIHAGTVVGKLEGEREITLGFVDLLRDDFVEKDRSRGIYFTQDWVSLPGVIPVASGGIHVWHMPALTEIFGDDSVLQFGGGTLGHPWGNAPGAVANRVALEACVQARNEGRDLAREGNEIIREACKWSPELAAA
Musa_velutina,111.0,TETKASVGFKAGVKDYKLTYYTPDYEVKDTDILAAFRVTPQPGVPPEEAGAAVAAESSTGTWTTVWTDGLTSLDRYKGRCYHIEAVVGEENQYIAYVAYPLDLFEEGSVTNMFTSIVGNVFGFKALRALRLEDLRIPTSYSKTFQGPPHGIQVERDKLNKYGRPLLGCTIKPKLGLSAKNYGRAVYECLRGGLDFTKDDENVNSQPFMRWRDRFLFCAEAIYKAQAETGEIKGHYFNATAGTCEEMMKRAICARELGVPIVMHDYLTGGFTANTSLAHYCRDNGLLLHIHRAMHAVIDRQKNHGMHFRVLAKALRMSGGDHIHAGTVVGKLEGEREMTLGFVDLLRDDYIEKDRSRGIFFTQDWVSMPGVLPVASGGIHVWHMPALTEIFGDDSVLQFGGGTLGHPWGNAPGAVANRVALEACVQARNEGRDLAREGNEIIREASKWSPELAAA
Nicotiana_tabacum,80.0,TETKASVGFKAGVKEYKLTYYTPEYQTKDTDILAAFRVTPQPGVPPEEAGAAVAAESSTGTWTTVWTDGLTSLDRYKGRCYRIERVVGEKDQYIAYVAYPLDLFEEGSVTNMFTSIVGNVFGFKALRALRLEDLRIPPAYVKTFQGPPHGIQVERDKLNKYGRPLLGCTIKPKLGLSAKNYGRAVYECLRGGLDFTKDDENVNSQPFMRWRDRFLFCAEALYKAQAETGEIKGHYLNATAGTCEEMIKRAVFARELGVPIVMHDYLTGGFTANTSLAHYCRDNGLLLHIHRAMHAVIDRQKNHGIHFRVLAKALRMSGGDHIHSGTVVGKLEGERDITLGFVDLLRDDFVEQDRSRGIYFTQDWVSLPGVLPVASGGIHVWHMPALTEIFGDDSVLQFGGGTLGHPWGNAPGAVANRVALEACVKARNEGRDLAQEGNEIIREACKWSPELAAA
Oryza_eichingeri,107.0,TETKASVGFQAGVKDYKLTYYTPEYETKDTDILAAFRVTPQPGVPPEEAGAAVAAESSTGTWTTVWTDGLTSLDRYKGRCYHIEPVVGEENQYIAYVAYPLDLFEEGSVTNMFTSIVGNVFGFKALRALRLEDLRIPTTYSKTFQGPPHGIQVERDKLNKYGRPLLGCTIKPKLGLSAKNYGRACYECLRGGLDFTKDDENVNSQPFMRWRDRFVFCAEAIYKSQAETGEIKGHYLNATAGTCEEMMKRAIFARELGVPIVMHDYLTGGFTANTSLAHYCRDNGLLLHIHRAMHAVIDRQKNHGMHFRVLAKALRMSGGDHIHAGTVVGKLEGEREMTLGFVDLLRDDFIEKDRARGIFFTQDWVSMPGVIPVASGGIHVWHMPALTEIFGDDSVLQFGGGTLGHPWGNAPGAAANRVALEACVQARNEGRDLAREGNEIIRSACKWSPELAAA
Oryza_longistaminata,108.0,TETKASVGFKAGVKDYKLTYYTPEYETKDTDILAAFRVTPQPGVPPEEAGAAVAAESSTGTWTTVWTDGLTSLDRYKGRCYHIEPVVGEDNQYIAYVAYPLDLFEEGSVTNMFTSIVGNVFGFKALRALRLEDLRIPPTYSKTFQGPPHGIQVERDKLNKYGRPLLGCTIKPKLGLSAKNYGRACYECLRGGLDFTKDDENVNSQPFMRWRDRFVFCAEAIYKSQAETGEIKGHYLNATAGTCEEMIKRAVFARELGVPIVMHDYLTGGFTANTSLAHYCRDNGLLLHIHRAMHAVIDRQKNHGMHFRVLAKALRMSGGDHIHAGTVVGKLEGEREMTLGFVDLLRDDFIEKDRARGIFFTQDWVSMPGVIPVASGGIHVWHMPALTEIFGDDSVLQFGGGTLGHPWGNAPGAAANRVALEACVQARNEGRDLAREGNEIIRSACKWSPELAAA
Oryza_meridionalis,107.0,TETKASVGFKAGVKDYKLTYYTPEYETKDTDILAAFRVTPQPGVPPEEAGAAVAAESSTGTWTTVWTDGLTSLDRYKGRCYHIEPVVGEDNQYIAYVAYPLDLFEEGSVTNMFTSIVGNVFGFKALRALRLEDLRIPPTYSKTFQGPPHGIQVERDKLNKYGRPLLGCTIKPKLGLSAKNYGRACYECLRGGLDFTKDDENVNSQPFMRWRDRFVFCAEAIYKSQAETGEIKGHYLNATAGTCEEMIKRAVFARELGVPIVMHDYLTGGFTANTSLAHYCRDNGLLLHIHRAMHAVIDRQKNHGMHFRVLAKALRMSGGDHIHAGTVVGKLEGEREMTLGFVDLLRDDFIEKDRARGIFFTQDWVSMPGVIPVASGGIHVWHMPALTEIFGDDSVLQFGGGTLGHPWGNAPGAAANRVALEACVQARNEGRDLAREGNEIIRSACKWSPELAAA
Oryza_nivara,107.0,TETKASVGFKAGVKDYKLTYYTPEYETKDTDILAAFRVTPQPGVPPEEAGAAVAAESSTGTWTTVWTDGLTSLDRYKGRCYHIEPVVGEDNQYIAYVAYPLDLFEEGSVTNMFTSIVGNVFGFKALRALRLEDLRIPPTYSKTFQGPPHGIQVERDKLNKYGRPLLGCTIKPKLGLSAKNYGRACYECLRGGLDFTKDDENVNSQPFMRWRDRFVFCAEAIYKSQAETGEIKGHYLNATAGTCEEMIKRAVFARELGVPIVMHDYLTGGFTANTSLAHYCRDNGLLLHIHRAMHAVIDRQKNHGMHFRVLAKALRMSGGDHIHAGTVVGKLEGEREMTLGFVDLLRDDFIEKDRARGIFFTQDWVSMPGVIPVASGGIHVWHMPALTEIFGDDSVLQFGGGTLGHPWGNAPGAAANRVALEACVQARNEGRDLAREGNEIIRSACKWSPELAAA
Oryza_punctata,109.0,TETKASVGFQAGVKDYKLTYYTPEYETKDTDILAAFRVTPQPGVPPEEAGAAVAAESSTGTWTTVWTDGLTSLDRYKGRCYHIEPVVGEENQYIAYVAYPLDLFEEGSVTNMFTSIVGNVFGFKALRALRLEDLRIPTTYSKTFQGPPHGIQVERDKLNKYGRPLLGCTIKPKLGLSAKNYGRACYECLRGGLDFTKDDENVNSQPFMRWRDRFVFCAEAIYKSQAETGEIKGHYLNATAGTCEEMMKRAIFARELGVPIVMHDYLTGGFTANTSLAHYCRDNGLLLHIHRAMHAVIDRQKNHGMHFRVLAKALRMSGGDHIHAGTVVGKLEGEREMTLGFVDLLRDDFIEKDRARGIFFTQDWVSMPGVIPVASGGIHVWHMPALTEIFGDDSVLQFGGGTLGHPWGNAPGAAANRVALEACVQARNEGRDLAREGNEIIRSACKWSPELAAA
Oryza_sativa,93.1,TETKASVGFKAGVKDYKLTYYTPEYETKDTDILAAFRVTPQPGVPPEEAGAAVAAESSTGTWTTVWTDGLTSLDRYKGRCYHIEPVVGEDNQYIAYVAYPLDLFEEGSVTNMFTSIVGNVFGFKALRALRLEDLRIPPTYSKTFQGPPHGIQVERDKLNKYGRPLLGCTIKPKLGLSAKNYGRACYECLRGGLDFTKDDENVNSQPFMRWRDRFVFCAEAIYKSQAETGEIKGHYLNATAGTCEEMIKRAVFARELGVPIVMHDYLTGGFTANTSLAHYCRDNGLLLHIHRAMHAVIDRQKNHGMHFRVLAKALRMSGGDHIHAGTVVGKLEGEREMTLGFVDLLRDDFIEKDRARGIFFTQDWVSMPGVIPVASGGIHVWHMPALTEIFGDDSVLQFGGGTLGHPWGNAPGAAANRVALEACVQARNEGRDLAREGNEIIRSACKWSPELAAA
Panicum_bisulcatum,87.7,TETKASVGFKAGVKDYKLTYYTPEYETKDTDILAAFRVTPQPGVPPEEAGAAVAAESSTGTWTTVWTDGLTSLDRYKGRCYHIEPVPGEPDQYICYVAYPLDLFEEGSVTNMFTSIVGNVFGFKALRALRLEDLRIPPTYSKTFQGPPHGIQVERDKLNKYGRPLLGCTIKPKLGLSAKNYGRACYECLRGGLDFTKDDENVNSQPFMRWRDRFVFCAEAIYKSQAETGEIKGHYLNATAGTCEEMIKRAVFARELGVPIVMHDYLTGGFTANTTLAHYCRDNGLLLHIHRAMHAVIDRQKNHGMHFRVLAKALRMSGGDHIHAGTVVGKLEGEREITLGFVDLLRDDFIEKDRSRGIFFTQDWVSMPGVIPVASGGIHVWHMPALTEIFGDDSVLQFGGGTLGHPWGNAPGAAANRVALEACVQARNEGRDLAREGNEIIKAACKWSPELAAA
Panicum_milioides,92.3,TETKASVGFKAGVKDYKLTYYTPEYETKDTDILAAFRVTPQPGVPPEEAGAAVAAESSTGTWTTVWTDGLTSLDRYKGRCYHIEPVPGEGDQYICYVAYPLDLFEEGSVTNMFTSIVGNVFGFKALRALRLEDLRIPPTYSKTFQGPPHGIQVERDKLNKYGRPLLGCTIKPKLGLSAKNYGRACYECLRGGLDFTKDDENVNSQPFMRWRDRFVFCAEAIYKSQAETGEIKGHYLNATAGTCEEMIKRAVFARELGVPIVMHDYLTGGFTANTSLAHYCRDNGLLLHIHRAMHAVIDRQKNHGMHFRVLAKALRMSGGDHIHAGTVVGKLEGEREITLGFVDLLRDDFIEKDRSRGIFFTQDWVSMPGVIPVASGGIHVWHMPALTEIFGDDSVLQFGGGTLGHPWGNAPGAAANRVALEACVQARNEGRDLAREGNEIIKAACKWSPELAAA
Phaseolus_carteri,84.5,TETKASVGFKAGVKDYKLTYYTPDYETKDTDILAAFRVTPQPGVPPEEAGAAVAAESSTGTWTTVWTDGLTSLDRYKGRCYHIEPVAGEENQYIAYVAYPLDLFEEGSVTNMFTSIVGNVFGFKALRALRLEDLRIPTAYIKTFQGPPHGIQVERDKLNKYGRPLLGCTIKPKLGLSAKNYGRAVYECLRGGLDFTKDDENVNSQPFMRWRDRFLFCAEAIYKAQAETGEIKGHYLNATAGTCEEMIKRAVFARELGVPIVMHDYLTGGFTANTSLAHYCRDNGLLLHIHRAMHAVIDRQKNHGMHFRVLAKALRLSGGDHVHSGTVVGKLEGEREITLGFVDLLRDDFIEKDRSRGIYFTQDWVSLPGVLPVASGGIHVWHMPALTEIFGDDSVLQFGGGTLGHPWGNAPGAVANRVALEACVQARNEGRDLAREGNEIIREASKWSPELAAA
Phaseolus_coccineus,104.0,TETKASVGFKAGVKDYKLTYYTPDYETKDTDILAAFRVTPQPGVPPEEAGAAVAAESSTGTWTTVWTDGLTSLDRYKGRCYHIEPVAGEENQFIAYVAYPLDLFEEGSVTNMFTSIVGNVFGFKALRALRLEDLRIPTAYIKTFQGPPHGIQVERDKLNKYGRPLLGCTIKPKLGLSAKNYGRAVYECLRGGLDFTKDDENVNSQPFMRWRDRFLFCAEAIYKAQAETGEIKGHYLNATAGTCEEMIKRAVFARELGVPIVMHDYLTGGFTANTSLAHYCRDNGLLLHIHRAMHAVIDRQKNHGMHFRVLAKALRLSGGDHVHSGTVVGKLEGEREITLGFVDLLRDDFIEKDRSRGIYFTQDWVSLPGVLPVASGGIHVWHMPALTEIFGDDSVLQFGGGTLGHPWGNAPGAVANRVALEACVQARNEGRDLAREGNEIIREACKWSPELAAA
Phaseolus_lunatus,101.0,TETKASVGFKAGVKDYKLTYYTPDYETKDTDILAAFRVTPQPGVPPEEAGAAVAAESSTGTWTTVWTDGLTSLDRYKGRCYNIEPVAGEENQYIAYVAYPLDLFEEGSVTNMFTSIVGNVFGFKALRALRLEDLRIPTAYIKTFQGPPHGIQVERDKLNKYGRPLLGCTIKPKLGLSAKNYGRAVYECLRGGLDFTKDDENVNSQPFMRWRDRFLFCAEAIYKSQAETGEIKGHYLNATAGTCEEMIKRAVFARELGVPIVMHDYLTGGFTANTSLAHYCRDNGLLLHIHRAMHAVIDRQKNHGMHFRVLAKALRLSGGDHVHSGTVVGKLEGEREITLGFVDLLRDDFIEKDRSRGIYFTQDWVSLPGVLPVASGGIHVWHMPALTEIFGDDSVLQFGGGTLGHPWGNAPGAVANRVALEACVQARNEGRDLAREGNEIIREASKWSPELAAA
Phaseolus_vulgaris,99.7,TETKASVGFKAGVKEYKLTYYTPEYETKDTDILAAFRVTPQPGVPPEEAGAAVAAESSTGTWTTVWTDGLTSLDRYKGRCYHIEPVPGEADQYICYVAYPLDLFEEGSVTNMFTSIVGNVFGFKALRALRLEDLRIPTAYIKTFQGPPHGIQVERDKLNKYGRPLLGCTIKPKLGLSAKNYGRAVYECLRGGLDFTKDDENVNSQPFMRWRDRFLFCAEAIYKSQAETGEIKGHYLNATAGTCEEMMKRAVFARELGVPIIMHDYLTGGFTANTSLAHYCRDNGLLLHIHRAMHAVIDRQKNHGIHFRVLAKALRMSGGDHIHSGTVVGKLEGERDITLGFVDLLRDDFIEKDRSRGIYFTQDWVSLPGVLPVASGGIHVWHMPALTEIFGDDSVLQFGGGTLGHPWGNAPGAVANRVALEACVKARNEGRDLASEGNVIIREASKWSPELAAA
Pisum_sativum,90.2,TETKAKVGFKAGVKDYKLTYYTPDYQTKDTDILAAFRVTPQPGVPPEEAGAAVAAESSTGTWTTVWTDGLTSLDRYKGRCYEIEPVPGEDNQFIAYVAYPLDLFEEGSVTNMFTSIVGNVFGFKALRALRLEDLRIPYAYVKTFQGPPHGIQVERDKLNKYGRPLLGCTIKPKLGLSAKNYGRAVYECLRGGLDFTKDDENVNSQPFMRWRDRFLFCAEAIYKSQAETGEIKGHYLNATAGTCEEMLKRAVFARELGVPIVMHDYLTGGFTANTTLSHYCRDNGLLLHIHRAMHAVIDRQKNHGMHFRVLAKALRLSGGDHIHAGTVVGKLEGEREITLGFVDLLRDDYIKKDRSRGIYFTQDWVSLPGVIPVASGGIHVWHMPALTEIFGDDSVLQFGGGTLGHPWGNAPGAVANRVALEACVQARNEGRDLAREGNAIIREACKWSPELAAA
Poa_palustris,112.0,TETKASVGFQAGVKDYKLTYYTPEYETKDTDILAAFRVTPQPGVPPEEAGAAVAAESSTGTWTTVWTDGLTSLDRYKGRCYHIEPVAGEDNQWICYVAYPLDLFEEGSVTNMFTSIVGNVFGFKALRALRLEDLRIPVAYAKTFQGPPHGIQVERDKLNKYGRPLLGCTIKPKLGLSAKNYGRACYECLRGGLDFTKDDENVNSQPFMRWRDRFVFCAEAIYKAQAETGEIKGHYLNATAGTCEEMMKRAIFARELGVPIVMHDYITGGFTANTSLAHYCRDNGLLLHIHRAMHAVIDRQKNHGMHFRVLAKALRMSGGDHIHAGTVVGKLEGEREMTLGFVDLLRDDFIEKDRARGIFFTQDWVSMPGVIPVASGGIHVWHMPALTEIFGDDSVLQFGGGTLGHPWGNAPGAAANRVALEACVQARNEGRDLAREGNEIIRAACKWSPELAAA
Puccinellia_distans,104.0,TETKASVGFQAGVKDYKLTYYTPEYETKDTDILAAFRVTPQPGVPPEEAGAAVAAESSTGTWTTVWTDGLTSLDRYKGRCYHIEPVAGEDNQWICYVAYPLDLFEEGSVTNMFTSIVGNVFGFKALRALRLEDLRIPPAYTKTFQGPPHGIQVERDKLNKYGRPLLGCTIKPKLGLSAKNYGRACYECLRGGLDFTKDDENVNSQPFMRWRDRFVFCAEAIYKSQAETGEIKGHYLNATAGTCEEMIKRAVFARELGVPIVMHDYITGGFTANTSLAHYCRDNGLLLHIHRAMHAVIDRQKNHGMHFRVLAKALRMSGGDHIHSGTVVGKLEGEREITLGFVDLLRDDFIEKDRARGIFFTQDWVSMPGVIPVASGGIHVWHMPALTEIFGDDSVLQFGGGTLGHPWGNAPGAAANRVALEACVQARNEGRDLAREGNEIIRAACKWSPELAAA
Puccinellia_lemmonii,102.0,TETKSSVGFQAGVKDYKLTYYTPEYETKDTDILAAFRVTPQPGVPPEEAGAAVAAESSTGTWTTVWTDGLTSLDRYKGRCYHIEPVAGEDNQWICYVAYPLDLFEEGSVTNMFTSIVGNVFGFKALRALRLEDLRIPPAYAKTFQGPPHGIQVERDKLNKYGRPLLGCTIKPKLGLSAKNYGRACYECLRGGLDFTKDDENVNSQPFMRWRDRFVFCAEAIYKSQAETGEIKGHYLNATAGTCEEMIKRAVFARELGVPIVMHDYITGGFTANTSLAHYCRDNGLLLHIHRAMHAVIDRQKNHGMHFRVLAKALRMSGGDHIHSGTVVGKLEGEREMTLGFVDLLRDDFIEKDRARGIFFTQDWVSMPGVIPVASGGIHVWHMPALTEIFGDDSVLQFGGGTLGHPWGNAPGAAANRVALEACVQARNEGRDLAREGNEIIRAACKWSPELAAA
Puccinellia_maritima,106.0,TETKSSVGFQAGVKDYKLTYYTPEYETKDTDILAAFRVTPQPGVPPEEAGAAVAAESSTGTWTTVWTDGLTSLDRYKGRCYHIEPVAGEDNQWICYVAYPLDLFEEGSVTNMFTSIVGNVFGFKALRALRLEDLRIPPAYAKTFQGPPHGIQVERDKLNKYGRPLLGCTIKPKLGLSAKNYGRACYECLRGGLDFTKDDENVNSQPFMRWRDRFVFCAEAIYKSQAETGEIKGHYLNATAGTCEEMIKRAVFARELGVPIVMHDYITGGFTANTSLAHYCRDNGLLLHIHRAMHAVIDRQKNHGMHFRVLAKALRMSGGDHIHAGTVVGKLEGEREMTLGFVDLLRDDFIEKDRARGIFFTQDWVSMPGVIPVASGGIHVWHMPALTEIFGDDSVLQFGGGTLGHPWGNAPGAAANRVALEACVQARNEGRDLAREGNEIIRAACKWSPELAAA
Puccinellia_nuttalliana,105.0,TETKASVGFQAGVKDYKLTYYTPEYETKDTDILAAFRVTPQPGVPPEEAGAAVAAESSTGTWTTVWTDGLTSLDRYKGRCYHIEPVAGEDNQWICYVAYPLDLFEEGSVTNMFTSIVGNVFGFKALRALRLEDLRIPPAYAKTFQGPPHGIQVERDKLNKYGRPLLGCTIKPKLGLSAKNYGRACYECLRGGLDFTKDDENVNSQPFMRWRDRFVFCAEAIYKSQAETGEIKGHYLNATAGTCEEMIKRAVFARELGVPIVMHDYITGGFTANTSLAHYCRDNGLLLHIHRAMHAVIDRQKNHGMHFRVLAKALRMSGGDHIHSGTVVGKLEGEREMTLGFVDLLRDDFIEKDRARGIFFTQDWVSMPGVIPVASGGIHVWHMPALTEIFGDDSVLQFGGGTLGHPWGNAPGAAANRVALEACVQARNEGRDLAREGNEIIRAACKWSPELAAA
Secale_cereale,91.5,TETKAGVGFQAGVKDYKLTYYTPEYETKDTDILAAFRVSPQPGVPPEEAGAAVAAESSTGTWTTVWTDGLTSLDRYKGRCYHIEPVAGEDNQWICYVAYPLDLFEEGSVTNMFTSIVGNVFGFKALRALRLEDLRIPPTYSKTFQGPPHGIQVERDKLNKYGRPLLGCTIKPKLGLSAKNYGRACYECLRGGLDFTKDDENVNSQPFMRWRDRFVFCAEAIYKSQAETGEIKGHYLNATAGTCEEMIKRAVFARELGVPIVMHDYLTGGFTANTTLAHYCRDNGLLLHIHRAMHAVIDRQKNHGMHFRVLAKALRMSGGDHIHSGTVVGKLEGEREMTLGFVDLLRDDFIEKDRARGIFFTQDWVSMPGVIPVASGGIHVWHMPALTEIFGDDSVLQFGGGTLGHPWGNAPGAAANRVALEACVQARNEGRDLAREGNEIIRAACKWSPELAAA
Solanum_lycopersicum,92.4,TETKASVGFKAGVKEYKLTYYTPEYQTKDTDILAAFRVTPQPGVPPEEAGAAVAAESSTGTWTTVWTDGLTSLDRYKGRCYRIERVVGEKDQYIAYVAYPLDLFEEGSVTNMFTSIVGNVFGFKALRALRLEDLRIPPAYVKTFQGPPHGIQVERDKLNKYGRPLLGCTIKPKLGLSAKNYGRAVYECLRGGLDFTKDDENVNSQPFMRWRDRFLFCAEALFKAQTETGEIKGHYLNATAGTCEEMIKRAVFARELGVPIVMHDYLTGGFTANTTLAHYCRDNGLLLHIHRAMHAVIDRQKNHGIHFRVLAKALRMSGGDHIHSGTVVGKLEGERDITLGFVDLLRDDFVEQDRSRGIYFTQDWVSLPGVLPVASGGIHVWHMPALTEIFGDDSVLQFGGGTLGHPWGNAPGAVANRVALEACVKARNEGRDLAREGNEIIREACKWSPELAAA
Solanum_tuberosum,95.4,TETKASVGFKAGVKEYKLTYYTPEYQTKDTDILAAFRVTPQPGVPPEEAGAAVAAESSTGTWTTVWTDGLTSLDRYKGRCYRIERVVGEKDQYIAYVAYPLDLFEEGSVTNMFTSIVGNVFGFKALRALRLEDLRIPTAYVKTFQGPPHGIQVERDKLNKYGRPLLGCTIKPKLGLSAKNYGRAVYECLRGGLDFTKDDENVNSQPFMRWRDRFLFCAEALFKAQTETGEIKGHYLNATAGTCEEMMKRAVFARELGVPIVMHDYLTGGFTANTTLAHYCRDNGLLLHIHRAMHAVIDRQKNHGIHFRVLAKALRMSGGDHIHSGTVVGKLEGERDITLGFVDLLRDDFIEQDRSRGIYFTQDWVSLPGVLPVASGGIHVWHMPALTEIFGDDSVLQFGGGTLGHPWGNAPGAVANRVALEACVKARNEGRDLAQEGNEIIREACKWSPELAAA
Sphenostylis_stenocarpa,93.6,TETKASVGFKAGVKDYKLTYYTPDYETKDTDILAAFRVTPQPGVPPEEAGAAVAAESSTGTWTTVWTDGLTSLDRYKGRCYHIEPVAGEENQYIAYVAYPLDLFEEGSVTNMFTSIVGNVFGFKALRALRLEDLRIPTSYIKTFQGPPHGIQVERDKLNKYGRPLLGCTIKPKLGLSAKNYGRAVYECLRGGLDFTKDDENVNSQPFMRWRDRFLFCAEAIYKAQAETGEIKGHYLNATAGTCEEMIKRAVFARELGVPIVMHDYLTGGFTANTSLAHYCRDNGLLLHIHRAMHAVIDRQKNHGMHFRVLAKALRLSGGDHVHSGTVVGKLEGEREITLGFVDLLRDDFIEKDRSRGIYFTQDWVSLPGVLPVASGGIHVWHMPALTEIFGDDSVLQFGGGTLGHPWGNAPGAVANRVALEACVQARNEGRDLAREGNEIIREACKWSPELAAA
Spinacia_oleracea,97.0,TETKASVGFKAGVKDYKLTYYTPEYETLDTDILAAFRVSPQPGVPPEEAGAAVAAESSTGTWTTVWTDGLTNLDRYKGRCYHIEPVAGEENQYICYVAYPLDLFEEGSVTNMFTSIVGNVFGFKALRALRLEDLRIPVAYVKTFQGPPHGIQVERDKLNKYGRPLLGCTIKPKLGLSAKNYGRAVYECLRGGLDFTKDDENVNSQPFMRWRDRFLFCAEALYKAQAETGEIKGHYLNATAGTCEDMMKRAVFARELGVPIVMHDYLTGGFTANTTLSHYCRDNGLLLHIHRAMHAVIDRQKNHGMHFRVLAKALRLSGGDHIHSGTVVGKLEGERDITLGFVDLLRDDYTEKDRSRGIYFTQSWVSTPGVLPVASGGIHVWHMPALTEIFGDDSVLQFGGGTLGHPWGNAPGAVANRVALEACVQARNEGRDLAREGNTIIREATKWSPELAAA
Tephrosia_candida,97.8,TETKASVGFKAGVKDYKLTYYTPDYETKDTDILAAFRVTPQPGVPPEEAGAAVAAESSTGTWTTVWTDGLTSLDRYKGRCYHIEPVAGEENQYIAYVAYPLDLFEEGSVTNMFTSIVGNVFGFKALRALRLEDLRIPNSYIKTFQGPPHGIQVERDKLNKYGRPLLGCTIKPKLGLSAKNYGRAVYECLRGGLDFTKDDENVNSQPFMRWRDRFLFCAEAIFKSQAETGEIKGHYLNATAGTCEEMIKRAVFARELGVPIVMHDYLTGGFTANTSLAHYCRDNGLLLHIHRAMHAVIDRQKNHGMHFRVLAKALRLSGGDHIHAGTVVGKLEGEREITLGFVDLLRDDFIEKDRSRGIYFTQDWVSLPGVLPVASGGIHVWHMPALTEIFGDDSVLQFGGGTLGHPWGNAPGAVANRVALEACVQARNEGRDLAREGNEIIREASKWSPELAAA
Tephrosia_purpurea,103.0,TETKASVGFKAGVKDYKLNYYTPDYETKDTDILAAFRVTPQPGVPPEEAGAAVAAESSTGTWTTVWTDGLTSLDRYKGRCYHIEPVAGEENQYIAYVAYPLDLFEEGSVTNMFTSIVGNVFGFKALRALRLEDLRIPNSYIKTFQGPPHGIQVERDKLNKYGRPLLGCTIKPKLGLSAKNYGRAVYECLRGGLDFTKDDENVNSQPFMRWRDRFLFCAEALFKSQAETGEIKGHYLNATAGTCEEMMKRAVFARELGVPIVMHDYLTGGFTANTSLAHYCRDNGLLLHIHRAMHAVIDRQKNHGMHFRVLAKALRLSGGDHIHAGTVVGKLEGEREITLGFVDLLRDDFIEKDRSRGIYFTQDWVSLPGVLPVASGGIHVWHMPALTEIFGDDSVLQFGGGTLGHPWGNAPGAVANRVALEACVQARNEGRDLAREGNEIIREASKWSPELAAA
Tephrosia_rhodesica,91.6,TETKSSVGFKAGVKDYKLTYYTPDYETKDTDILAAFRVTPQPGVPPEEAGAAVAAESSTGTWTTVWTDGLTSLDRYKGRCYHIEPVAGEENQFIAYVAYPLDLFEEGSVTNMFTSIVGNVFGFKALRALRLEDLRIPNSYIKTFQGPPHGIQVERDKLNKYGRPLLGCTIKPKLGLSAKNYGRAVYECLRGGLDFTKDDENVNSQPFMRWRDRFLFCAEAIFKSQAETGEIKGHYLNATAGTCEEMIKRAVFARELGVPIVMHDYLTGGFTANTSLAHYCRDNGLLLHIHRAMHAVIDRQKNHGMHFRVLAKALRLSGGDHIHAGTVVGKLEGEREITLGFVDLLRDDFVEKDRSRGIYFTQDWVSLPGVLPVASGGIHVWHMPALTEIFGDDSVLQFGGGTLGHPWGNAPGAVANRVALEACVQARNEGRDLAREGNEIIREASKWSPELAAA
Triticum_aestivum,100.0,TETKAGVGFKAGVKDYKLTYYTPEYETKDTDILAAFRVSPQPGVPPEEAGAAVAAESSTGTWTTVWTDGLTSLDRYKGRCYHIEPVAGEDSQWICYVAYPLDLFEEGSVTNMFTSIVGNVFGFKALRALRLEDLRIPPTYSKTFQGPPHGIQVERDKLNKYGRPLLGCTIKPKLGLSAKNYGRACYECLRGGLDFTKDDENVNSQPFMRWRDRFVFCAEAIYKSQAETGEIKGHYLNATAGTCEEMIKRAVFARELGVPIVMHDYLTGGFTANTTLAHYCRDNGLLLHIHRAMHAVIDRQKNHGMHFRVLAKALRMSGGDHIHSGTVVGKLEGEREMTLGFVDLLRDDFIEKDRARGIFFTQDWVSMPGVIPVASGGIHVWHMPALTEIFGDDSVLQFGGGTLGHPWGNAPGAAANRVALEACVQARNEGRDLAREGNEIIRAACKWSPELAAA
Triticum_monococcum,104.0,TETKAGVGFQAGVKDYKLTYYTPEYETKDTDILAAFRVSPQPGVPPEEAGAAVAAESSTGTWTTVWTDGLTSLDRYKGRCYHIEPVAGEDNQWICYVAYPLDLFEEGSVTNMFTSIVGNVFGFKALRALRLEDLRIPPTYSKTFQGPPHGIQVERDKLNKYGRPLLGCTIKPKLGLSAKNYGRACYECLRGGLDFTKDDENVNSQPFMRWRDRFVFCAEAIYKSQAETGEIKGHYLNATAGTCEEMIKRAVFARELGVPIVMHDYLTGGFTANTTLAHYCRDNGLLLHIHRAMHAVIDRQKNHGMHFRVLAKALRMSGGDHIHSGTVVGKLEGEREMTLGFVDLLRDDFIEKDRARGIFFTQDWVSMPGVIPVASGGIHVWHMPALTEIFGDDSVLQFGGGTLGHPWGNAPGAAANRVALEACVQARNEGRDLAREGNEIIRAACKWSPELAAA
Triticum_timopheevii,102.0,TETKAGVGFQAGVKDYKLTYYTPEYETKDTDILAAFRVSPQPGVPPEEAGAAVAAESSTGTWTTVWTDGLTSLDRYKGRCYHIEPVAGEDNQWICYVAYPLDLFEEGSVTNMFTSIVGNVFGFKALRALRLEDLRIPPTYSKTFQGPPHGIQVERDKLNKYGRPLLGCTIKPKLGLSAKNYGRACYECLRGGLDFTKDDENVNSQPFMRWRDRFVFCAEAIYKSQAETGEIKGHYLNATAGTCEEMIKRAVFARELGVPIVMHDYLTGGFTANTTLAHYCRDNGLLLHIHRAMHAVIDRQKNHGMHFRVLAKALRMSGGDHIHSGTVVGKLEGEREMTLGFVDLLRDDFIEKDRARGIFFTQDWVSMPGVIPVASGGIHVWHMPALTEIFGDDSVLQFGGGTLGHPWGNAPGAAANRVALEACVQARNEGRDLAREGNEIIRAACKWSPELAAA
Limonium_leonardi-llorensii,110.0,TETKSYVGFKAGVKDYKLTYYTPEYETLDTDILAAFRVTPQPGVPPEEAGAAVAAESSTGTWTTVWTDGLTNLDRYKGRCYHIEPVAGEENQFIAYVAYPLDLFEEGSVTNMFTSIVGNVFGFKALRALRLEDLRIPPAYSKTFQGPPHGIQVERDKLNKYGRPLLGCTIKPKLGLSAKNYGRAVYECLRGGLDFTKDDENVNSQPFMRWRDRFLFCTEAIYKAQAETGEVKGHYLNATAGTSEEMIKRAACARELGVPIVMHDYLTGGFTSNTSLAHYCRDNGLLLHIHRAMHAVIDRQKNHGMHFRVLAKALRMSGGDHIHAGTVVGKLEGEREITLGFVDLLRDDYIEKDRSRGIYFTQDWVSMPGVIPVASGGIHVWHMPALTEIFGDDSVLQFGGGTLGHPWGNAPGAVANRVALEACVQARNEGRDLAREGNEIIRQAATWSPELAAA
Calamagrostis_inexpansa,111.0,TETKASVGFKAGVKDYKLTYYTPEYETKDTDILAAFRVTPQPGVPPEEAGAAVAAESSTGTWTTVWTDGLTSLDRYKGRCYHIEPVAGEDNQWICYVAYPLDLFEEGSVTNMFTSIVGNVFGFKALRALRLEDLRIPPAYTKTFQGPPHGIQVERDKLNKYGRPLLGCTIKPKLGLSAKNYGRACYECLRGGLDFTKDDENVNSQPFMRWRDRFVFCAEAIYKAQAETGEIKGHYLNATAGTCEEMIKRAVFARELGVPIVMHDYITGGFTANTSLAQYCRDNGLLLHIHRAMHAVIDRQKNHGMHFRVLAKALRMSGGDHIHAGTVVGKLEGEREMTLGFVDLLRDDFIEKDRARGIFFTQDWVSLPGVIPVASGGIHVWHMPALTEIFGDDSVLQFGGGTLGHPWGNAPGAAANRVALEACVQARNEGRDLAREGNEIIRAACKWSPELAAA
Triticum_dicoccon1,94.1,TETKAGVGFKAGVKDYKLTYYTPEYETKDTDILAAFRVSPQPGVPPEEAGAAVAAESSTGTWTTVWTDGLTSLDRYKGRCYHIEPVAGEDSQWICYVAYPLDLFEEGSVTNMFTSIVGNVFGFKALRALRLEDLRIPPTYSKTFQGPPHGIQVERDKLNKYGRPLLGCTIKPKLGLSAKNYGRACYECLRGGLDFTKDDENVNSQPFMRWRDRFVFCAEAIYKSQAETGEIKGHYLNATAGTCEEMIKRAVFARELGVPIVMHDYLTGGFTANTTLAHYCRDNGLLLHIHRAMHAVIDRQKNHGMHFRVLAKALRMSGGDHIHSGTVVGKLEGEREMTLGFVDLLRDDFIEKDRARGIFFTQDWVSMPGVIPVASGGIHVWHMPALTEIFGDDSVLQFGGGTLGHPWGNAPGAAANRVALEACVQARNEGRDLAREGNEIIRAACKWSPELAAA
Triticum_aestivum_SATYN1,93.8,TETKAGVGFKAGVKDYKLTYYTPEYETKDTDILAAFRVSPQPGVPPEEAGAAVAAESSTGTWTTVWTDGLTSLDRYKGRCYHIEPVAGEDSQWICYVAYPLDLFEEGSVTNMFTSIVGNVFGFKALRALRLEDLRIPPTYSKTFQGPPHGIQVERDKLNKYGRPLLGCTIKPKLGLSAKNYGRACYECLRGGLDFTKDDENVNSQPFMRWRDRFVFCAEAIYKSQAETGEIKGHYLNATAGTCEEMIKRAVFARELGVPIVMHDYLTGGFTANTTLAHYCRDNGLLLHIHRAMHAVIDRQKNHGMHFRVLAKALRMSGGDHIHSGTVVGKLEGEREMTLGFVDLLRDDFIEKDRARGIFFTQDWVSMPGVIPVASGGIHVWHMPALTEIFGDDSVLQFGGGTLGHPWGNAPGAAANRVALEACVQARNEGRDLAREGNEIIRAACKWSPELAAA
Coffee_arabica,98.7,TETKASVGFKAGVKEYKLTYYTPEYETKDTDILAAFRVTPQPGVPPEEAGAAVAAESSTGTWTAVWTDGLTSLDRYKGRCYHIEPVPGEENQYIAYVAYPLDLFEEGSVTNMFTSIVGNVFGFKALRALRLEDLRVPPAYIKTFQGPPHGIQVERDKLNKYGRPLLGCTIKPKLGLSAKNYGRAVYECLRGGLDFTKDDENVNSQPFMRWRDRFCFCAEALFKAQAETGEIKGHYLNATAGTCEEMIKRAVFARELGVPIVMHDYLTGGFTANTSLAHYCRDNGLLLHIHRAMHAVIDRQKNHGMHFRVLAKGLRMSGGDHIHAGTVVGKLEGERDITLGFVDLLRDDFIEKDRSRGIYFTQDWVSLPGVIPVASGGIHVWHMPALTEIFGDDSVLQFGGGTLGHPWGNAPGAVANRVALEACVKARNEGRDLAAEGNEIIREASKWSPELAAA
Oryza_barthii/glaberrima,107.0,TETKASVGFKAGVKDYKLTYYTPEYETKDTDILAAFRVTPQPGVPPEEAGAAVAAESSTGTWTTVWTDGLTSLDRYKGRCYHIEPVVGEDNQYIAYVAYPLDLFEEGSVTNMFTSIVGNVFGFKALRALRLEDLRIPPTYSKTFQGPPHGIQVERDKLNKYGRPLLGCTIKPKLGLSAKNYGRACYECLRGGLDFTKDDENVNSQPFMRWRDRFVFCAEAIYKSQAETGEIKGHYLNATAGTCEEMIKRAVFARELGVPIVMHDYLTGGFTANTSLAHYCRDNGLLLHIHRAMHAVIDRQKNHGMHFRVLAKALRMSGGDHIHAGTVVGKLEGEREMTLGFVDLLRDDFIEKDRARGIFFTQDWVSMPGVIPVASGGIHVWHMPALTEIFGDDSVLQFGGGTLGHPWGNAPGAAANRVALEACVQARNEGRDLAREGNEIIRSACKWSPELAAA
Oryza_sativa_subsp._Indica,101.0,TETKASVGFKAGVKDYKLTYYTPEYETKDTDILAAFRVTPQPGVPPEEAGAAVAAESSTGTWTTVWTDGLTSLDRYKGRCYHIEPVVGEDNQYIAYVAYPLDLFEEGSVTNMFTSIVGNVFGFKALRALRLEDLRIPPTYSKTFQGPPHGIQVERDKLNKYGRPLLGCTIKPKLGLSAKNYGRACYECLRGGLDFTKDDENVNSQPFMRWRDRFVFCAEAIYKSQAETGEIKGHYLNATAGTCEEMIKRAVFARELGVPIVMHDYLTGGFTANTSLAHYCRDNGLLLHIHRAMHAVIDRQKNHGMHFRVLAKALRMSGGDHIHAGTVVGKLEGEREMTLGFVDLLRDDFIEKDRARGIFFTQDWVSMPGVIPVASGGIHVWHMPALTEIFGDDSVLQFGGGTLGHPWGNAPGAAANRVALEACVQARNEGRDLAREGNEIIRSACKWSPELAAA
Plantago_lanceolata_L.,77.3,TETKASVGFKAGVKEYKLTYYTPEYETKDTDILAAFRVTPQPGVPPEEAGAAVAAESSTGTWTTVWTDGLTSLDRYKGRCYHIEPVPGEADQYICYVAYPLDLFEEGSVTNMFTSIVGNVFGFKALRALRLEDLRIPVAYVKTFQGPPHGIQSERDKLNKYGRPLLGCTIKPKLGLSAKNYGRACYECLRGGLDFTKDDENVNSQPFMRWRDRFLFCAEAIYKSQAETGEIKGHYLNATAGTCEEMMKRAIFARELGVPIVMHDYLTGGFTANTSLAHYCRDNGLLLHIHRAMHAVIDRQKNHGIHFRVLAKALRMSGGDHIHSGTVVGKLEGEREITLGFVDLLRDDFIEKDRSRGIYFTQDWVSLPGVIPVASGGIHVWHMPALTEIFGDDSVLQFGGGTLGHPWGNAPGAVANRVALEACVQARNEGRDLAAEGNTIIKEACKWSQELAAA
Limonium_antonii-llorensii,112.0,TETKSFVGFKAGVKDYKLTYYTPEYETLDTDILAAFRVTPQPGVPPEEAGAAVAAESSTGTWTTVWTDGLTNLDRYKGRCYHIEPVAGEESQFIAYVAYPLDLFEEGSVTNMFTSIVGNVFGFKALRALRLEDLRIPPAYSKTFQGPPHGIQVERDKLNKYGRPLLGCTIKPKLGLSAKNYGRAVYECLRGGLDFTKDDENVNSQPFMRWRDRFLFCTEAIYKAQAETGEVKGHYLNATAATSEEMIKRAACARELGVPIVMHDYLTGGFTSNTSLAHYCRDNGLLLHIHRAMHAVIDRQKNHGMHFRVLAKALRMSGGDHIHAGTVVGKLEGEREITLGFVDLLRDDYIEKDRSRGIYFTQDWVSMPGVIPVASGGIHVWHMPALTEIFGDDSVLQFGGGTLGHPWGNAPGAVANRVALEACVQARNEGRDLAREGNEIIRQAATWSPELAAA
Petroselinum_cripsum,77.0,TETKTGVGFKAGVKDYKLTYYTPEYETKDTDILAAFRVTPQPGVPPEEAGAAVAAESSTGTWTTVWTDGLTSLDRYKGRCYGIEPVAGEENQYIAYVAYPLDLFEEGSVTNMFTSIVGNVFGFKALRALRLEDLRIPVAYVKTFQGPPHGIQVERDKLNKYGRPLLGCTIKPKLGLSAKNYGRAVYECLRGGLDFTKDDENVNSQPFMRWRDRFLFCAEAIYKAQAETGEIKGHYLNATAGTCEEMMKRAIFARELGVPIVMHDYLTGGFTANTSLAHYCRDNGLLLHIHRAMHAVIDRQKNHGIHFRVLAKALRMSGGDHIHSGTVVGKLEGERDITLGFVDLLRDDFIEKDRSRGIYFTQDWVSLPGVLPVASGGIHVWHMPALTEIFGDDSVLQFGGGTLGHPWGNAPGAVANRVALEACVQARNEGRDLATEGNEIIREATKWSPELAAA
Steinchisma_laxa,91.4,TETKASVGFKAGVKDYKLTYYTPEYETKDTDILAAFRVTPQPGVPPEEAGAAVAAESSTGTWTTVWTDGLTSLDRYKGRCYHIEPVPGEGDQYICYVAYPLDLFEEGSVTNMFTSIVGNVFGFKALRALRLEDLRIPPTYSKTFQGPPHGIQVERDKLNKYGRPLLGCTIKPKLGLSAKNYGRACYECLRGGLDFTKDDENVNSQPFMRWRDRFVFCAEAIYKSQAETGEIKGHYLNATAGTCEEMIKRAVFARELGVPIVMHDYLTGGFTANTSLAHYCRDNGLLLHIHRAMHAVIDRQKNHGMHFRVLAKALRMSGGDHIHAGTVVGKLEGEREITLGFVDLLRDDFIEKDRSRGIFFTQDWVSMPGVIPVASGGIHVWHMPALTEIFGDDSVLQFGGGTLGHPWGNAPGAAANRVALEACVQARNEGRDLAREGNEIIKAACKWSPELAAA
Pueraria_montana,101.0,TETKASVGFKAGVKDYKLTYYTPDYETKDTDILAAFRVTPQPGVPPEEAGAAVAAESSTGTWTTVWTDGLTSLDRYKGRCYHLEPVAGEENQYIAYVAYPLDLFEEGSVTNMFTSIVGNVFGFKALRALRLEDLRIPISYIKTFQGPPHGIQVERDKLNKYGRPLLGCTIKPKLGLSAKNYGRAVYECLRGGLDFTKDDENVNSQPFMRWRDRFLFCAEAIFKSQAETGEIKGHYLNATAGTCEEMMKRAVFARELGVPIVMHDYLTGGFTANTSLAHYCRDNGLLLHIHRAMHAVIDRQKNHGMHFRVLAKALRLSGGDHVHAGTVVGKLEGEREITLGFVDLLRDDFIEKDRSRGIYFTQDWVSLPGVLPVASGGIHVWHMPALTEIFGDDSVLQFGGGTLGHPWGNAPGAVANRVALEACVQARNEGRDLAREGNEIIREASKWSPELAAA
oryza_sativa_subsp._Japonica,106.0,TETKASVGFKAGVKDYKLTYYTPEYETKDTDILAAFRVTPQPGVPPEEAGAAVAAESSTGTWTTVWTDGLTSLDRYKGRCYHIEPVVGEDNQYIAYVAYPLDLFEEGSVTNMFTSIVGNVFGFKALRALRLEDLRIPPTYSKTFQGPPHGIQVERDKLNKYGRPLLGCTIKPKLGLSAKNYGRACYECLRGGLDFTKDDENVNSQPFMRWRDRFVFCAEAIYKSQAETGEIKGHYLNATAGTCEEMIKRAVFARELGVPIVMHDYLTGGFTANTSLAHYCRDNGLLLHIHRAMHAVIDRQKNHGMHFRVLAKALRMSGGDHIHAGTVVGKLEGEREMTLGFVDLLRDDFIEKDRARGIFFTQDWVSMPGVIPVASGGIHVWHMPALTEIFGDDSVLQFGGGTLGHPWGNAPGAAANRVALEACVQARNEGRDLAREGNEIIRSACKWSPELAAA
Brachypodium_distachyon,111.0,TETKASVGFKAGVKDYRLTYYTPEYETKDTDILAAFRVSPQPGVPPEEAGAAVAAESSTGTWTTVWTDGLTSLDRYKGRCYHIEPVPGEDSQWICYVAYPLDLFEEGSVTNMFTSIVGNVFGFKALRALRLEDLRIPPTYSKTFQGPPHGIQVERDKLNKYGRPLLGCTIKPKLGLSAKNYGRACYECLRGGLDFTKDDENVNSQPFMRWRDRFVFCAEAIYKSQAETGEIKGHYLNATAGTCEEMMKRAVFARELGVPIVMHDYLTGGFTANTTLAHYCRDNGLLLHIHRAMHAVIDRQKNHGMHFRVLAKALRMSGGDHIHAGTVVGKLEGEREITLGFVDLLRDDFIEKDRARGIFFTQDWVSMPGVIPVASGGIHVWHMPALTEIFGDDSVLQFGGGTLGHPWGNAPGAAANRVALEACVQARNEGRDLAREGNEIIRAACKWSPELAAA
Citrullus_lanatus_var._lanatus,107.0,TETKASVGFKAGVKDYKLTYYTPEYETKDTDILAAFRVTPQPGVPPEEAGAAVAAESSTGTWTTVWTDGLTSLDRYKGRCYGIEPVPGEENQYIAYVAYPLDLFEEGSVTNMFTSIVGNVFGFKALRALRLEDLRIPTAYIKTFQGPPHGIQVERDKLNKYGRPLLGCTIKPKLGLSAKNYGRAVYECLRGGLDFTKDDENVNSQPFMRWRDRFLFCAEAIYKSQAETGEIKGHYLNATAGTCEEMMKRAVFARELGVPIVMHDYLTGGFTANTSLAHYCRDNGLLLHIHRAMHAVIDRQKNHGMHFRVLAKALRMSGGDHIHAGTVVGKLEGEREITLGFVDLLRDDFIEKDRSRGIYFTQDWVSLPGVLPVASGGIHVWHMPALTEIFGDDSVLQFGGGTLGHPWGNAPGAVANRVALEACVQARNEGRDLAREGNEIIREASKWSPELAAA
